TIME,GEN_BUS1,GEN_BUS2,GEN_BUS3
0,143.3,187.3,166.2
0.01,143.3,187.3,166.2
0.02,143.3,187.3,166.2
0.03,143.3,187.3,166.2
0.04,143.3,187.3,166.2
0.05,143.3,187.3,166.2
0.06,143.3,187.3,166.2
0.07,143.3,187.3,166.2
0.08,143.3,187.3,166.2
0.09,143.3,187.3,166.2
0.1,143.3,187.3,166.2
0.11,143.3,187.3,166.2
0.12,143.3,187.3,166.2
0.13,143.3,187.3,166.2
0.14,143.3,187.3,166.2
0.15,143.3,187.3,166.2
0.16,143.3,187.3,166.2
0.17,143.3,187.3,166.2
0.18,143.3,187.3,166.2
0.19,143.3,187.3,166.2
0.2,143.3,187.3,166.2
0.21,143.3,187.3,166.2
0.22,143.3,187.3,166.2
0.23,143.3,187.3,166.2
0.24,143.3,187.3,166.2
0.25,143.3,187.3,166.2
0.26,143.3,187.3,166.2
0.27,143.3,187.3,166.2
0.28,143.3,187.3,166.2
0.29,143.3,187.3,166.2
0.3,143.3,187.3,166.2
0.31,143.3,187.3,166.2
0.32,143.3,187.3,166.2
0.33,143.3,187.3,166.2
0.34,143.3,187.3,166.2
0.35,143.3,187.3,166.2
0.36,143.3,187.3,166.2
0.37,143.3,187.3,166.2
0.38,143.3,187.3,166.2
0.39,143.3,187.3,166.2
0.4,143.3,187.3,166.2
0.41,143.3,187.3,166.2
0.42,143.3,187.3,166.2
0.43,143.3,187.3,166.2
0.44,143.3,187.3,166.2
0.45,143.3,187.3,166.2
0.46,143.3,187.3,166.2
0.47,143.3,187.3,166.2
0.48,143.3,187.3,166.2
0.49,143.3,187.3,166.2
0.5,143.3,187.3,166.2
0.5,143.3,187.3,166.2
0.51,143.3,187.3,166.2
0.52,143.3,187.3,166.2
0.53,143.3,187.3,166.2
0.54,143.3,187.3,166.2
0.55,143.3,187.3,166.2
0.56,143.3,187.3,166.2
0.57,143.3,187.3,166.2
0.58,143.3,187.3,166.2
0.59,143.3,187.3,166.2
0.6,143.3,187.3,166.2
0.61,143.3,187.3,166.2
0.62,143.3,187.3,166.2
0.63,143.2,187.4,166.2
0.64,143.2,187.4,166.2
0.65,143.2,187.4,166.2
0.66,143.2,187.4,166.1
0.67,143.2,187.4,166.1
0.68,143.2,187.5,166.1
0.69,143.2,187.5,166.1
0.7,143.1,187.6,166.1
0.71,143.1,187.6,166
0.72,143.1,187.7,166
0.73,143,187.7,166
0.74,143,187.8,165.9
0.75,143,187.9,165.9
0.76,142.9,188,165.9
0.77,142.9,188.1,165.8
0.78,142.8,188.1,165.8
0.79,142.8,188.2,165.7
0.8,142.7,188.4,165.7
0.81,142.7,188.5,165.6
0.82,142.6,188.6,165.6
0.83,142.5,188.7,165.5
0.84,142.5,188.8,165.4
0.85,142.4,189,165.4
0.86,142.3,189.1,165.3
0.87,142.2,189.3,165.2
0.88,142.1,189.4,165.2
0.89,142.1,189.6,165.1
0.9,142,189.7,165
0.91,141.9,189.9,165
0.92,141.8,190,164.9
0.93,141.7,190.2,164.8
0.94,141.6,190.4,164.7
0.95,141.5,190.5,164.7
0.96,141.4,190.7,164.6
0.97,141.3,190.9,164.5
0.98,141.2,191,164.5
0.99,141.1,191.2,164.4
1,141,191.4,164.3
1.01,140.9,191.5,164.2
1.02,140.8,191.7,164.2
1.03,140.7,191.9,164.1
1.04,140.6,192.1,164
1.05,140.5,192.2,164
1.06,140.4,192.4,163.9
1.07,140.3,192.5,163.8
1.08,140.2,192.7,163.8
1.09,140.1,192.9,163.7
1.1,140,193,163.7
1.11,139.9,193.2,163.6
1.12,139.8,193.3,163.5
1.13,139.7,193.5,163.5
1.14,139.6,193.6,163.4
1.15,139.5,193.8,163.4
1.16,139.4,193.9,163.3
1.17,139.3,194.1,163.3
1.18,139.2,194.2,163.2
1.19,139.1,194.4,163.2
1.2,139.1,194.5,163.1
1.21,139,194.7,163
1.22,138.9,194.8,163
1.23,138.8,194.9,162.9
1.24,138.7,195.1,162.9
1.25,138.6,195.2,162.8
1.26,138.5,195.4,162.8
1.27,138.5,195.5,162.7
1.28,138.4,195.6,162.7
1.29,138.3,195.8,162.6
1.3,138.2,195.9,162.6
1.31,138.1,196.1,162.5
1.32,138,196.2,162.5
1.33,137.9,196.3,162.4
1.34,137.8,196.5,162.3
1.35,137.8,196.6,162.3
1.36,137.7,196.8,162.2
1.37,137.6,196.9,162.2
1.38,137.5,197.1,162.1
1.39,137.4,197.2,162
1.4,137.3,197.4,162
1.41,137.2,197.5,161.9
1.42,137.1,197.7,161.8
1.43,137,197.9,161.8
1.44,136.9,198,161.7
1.45,136.8,198.2,161.7
1.46,136.7,198.3,161.6
1.47,136.6,198.5,161.5
1.48,136.5,198.7,161.5
1.49,136.4,198.8,161.4
1.5,136.3,199,161.3
1.51,136.2,199.2,161.3
1.52,136.1,199.3,161.2
1.53,136,199.5,161.1
1.54,135.9,199.7,161.1
1.55,135.8,199.8,161
1.56,135.7,200,161
1.57,135.6,200.2,160.9
1.58,135.4,200.3,160.8
1.59,135.3,200.5,160.8
1.6,135.2,200.7,160.7
1.61,135.1,200.9,160.7
1.62,135,201,160.6
1.63,134.9,201.2,160.5
1.64,134.8,201.3,160.5
1.65,134.7,201.5,160.4
1.66,134.6,201.7,160.4
1.67,134.5,201.8,160.3
1.68,134.3,202,160.3
1.69,134.2,202.1,160.2
1.7,134.1,202.3,160.2
1.71,134,202.5,160.1
1.72,133.9,202.6,160.1
1.73,133.8,202.8,160
1.74,133.7,202.9,160
1.75,133.6,203.1,159.9
1.76,133.5,203.2,159.9
1.77,133.4,203.4,159.8
1.78,133.3,203.5,159.8
1.79,133.2,203.6,159.7
1.8,133.1,203.8,159.7
1.81,133.1,203.9,159.6
1.82,133,204.1,159.6
1.83,132.9,204.2,159.5
1.84,132.8,204.3,159.5
1.85,132.7,204.5,159.4
1.86,132.6,204.6,159.4
1.87,132.5,204.7,159.3
1.88,132.4,204.9,159.3
1.89,132.4,205,159.2
1.9,132.3,205.1,159.2
1.91,132.2,205.3,159.1
1.92,132.1,205.4,159.1
1.93,132,205.5,159
1.94,132,205.6,159
1.95,131.9,205.8,158.9
1.96,131.8,205.9,158.9
1.97,131.7,206,158.8
1.98,131.6,206.1,158.8
1.99,131.6,206.3,158.7
2,131.5,206.4,158.7
2.01,131.4,206.5,158.6
2.02,131.3,206.6,158.6
2.03,131.3,206.8,158.5
2.04,131.2,206.9,158.5
2.05,131.1,207,158.4
2.06,131,207.1,158.4
2.07,131,207.3,158.3
2.08,130.9,207.4,158.3
2.09,130.8,207.5,158.2
2.1,130.8,207.6,158.2
2.11,130.7,207.8,158.1
2.12,130.6,207.9,158.1
2.13,130.5,208,158
2.14,130.5,208.1,158
2.15,130.4,208.2,157.9
2.16,130.3,208.4,157.9
2.17,130.2,208.5,157.8
2.18,130.2,208.6,157.7
2.19,130.1,208.7,157.7
2.2,130,208.8,157.6
2.21,130,208.9,157.6
2.22,129.9,209.1,157.5
2.23,129.8,209.2,157.5
2.24,129.8,209.3,157.4
2.25,129.7,209.4,157.4
2.26,129.6,209.5,157.3
2.27,129.6,209.6,157.3
2.28,129.5,209.7,157.2
2.29,129.5,209.8,157.2
2.3,129.4,209.9,157.2
2.31,129.3,210,157.1
2.32,129.3,210.1,157.1
2.33,129.2,210.2,157
2.34,129.2,210.3,157
2.35,129.1,210.4,156.9
2.36,129.1,210.5,156.9
2.37,129,210.6,156.8
2.38,129,210.7,156.8
2.39,128.9,210.8,156.7
2.4,128.9,210.9,156.7
2.41,128.8,211,156.6
2.42,128.8,211.1,156.6
2.43,128.8,211.2,156.5
2.44,128.7,211.3,156.5
2.45,128.7,211.4,156.4
2.46,128.6,211.4,156.4
2.47,128.6,211.5,156.3
2.48,128.6,211.6,156.3
2.49,128.5,211.7,156.2
2.5,128.5,211.8,156.2
2.51,128.5,211.8,156.1
2.52,128.5,211.9,156.1
2.53,128.4,212,156
2.54,128.4,212.1,156
2.55,128.4,212.1,155.9
2.56,128.4,212.2,155.9
2.57,128.3,212.3,155.8
2.58,128.3,212.4,155.8
2.59,128.3,212.4,155.7
2.6,128.3,212.5,155.7
2.61,128.2,212.6,155.6
2.62,128.2,212.6,155.6
2.63,128.2,212.7,155.5
2.64,128.2,212.8,155.5
2.65,128.2,212.8,155.4
2.66,128.2,212.9,155.4
2.67,128.1,213,155.3
2.68,128.1,213,155.3
2.69,128.1,213.1,155.2
2.7,128.1,213.2,155.2
2.71,128.1,213.2,155.1
2.72,128.1,213.3,155
2.73,128.1,213.3,155
2.74,128.1,213.4,154.9
2.75,128,213.5,154.9
2.76,128,213.5,154.8
2.77,128,213.6,154.8
2.78,128,213.6,154.7
2.79,128,213.7,154.7
2.8,128,213.7,154.6
2.81,128,213.8,154.6
2.82,128,213.8,154.5
2.83,128,213.9,154.5
2.84,128,213.9,154.4
2.85,128,214,154.4
2.86,128,214,154.3
2.87,128,214.1,154.3
2.88,128,214.1,154.2
2.89,128,214.2,154.2
2.9,128,214.2,154.1
2.91,128,214.3,154.1
2.92,128,214.3,154
2.93,128,214.4,154
2.94,128,214.4,153.9
2.95,128,214.4,153.9
2.96,128,214.5,153.9
2.97,128,214.5,153.8
2.98,128,214.6,153.8
2.99,128.1,214.6,153.7
3,128.1,214.6,153.7
3.01,128.1,214.7,153.6
3.02,128.1,214.7,153.6
3.03,128.1,214.7,153.5
3.04,128.1,214.8,153.5
3.05,128.1,214.8,153.4
3.06,128.2,214.8,153.4
3.07,128.2,214.8,153.3
3.08,128.2,214.9,153.3
3.09,128.2,214.9,153.2
3.1,128.2,214.9,153.2
3.11,128.2,215,153.1
3.12,128.3,215,153.1
3.13,128.3,215,153
3.14,128.3,215,153
3.15,128.3,215.1,152.9
3.16,128.4,215.1,152.9
3.17,128.4,215.1,152.8
3.18,128.4,215.1,152.8
3.19,128.4,215.1,152.8
3.2,128.5,215.2,152.7
3.21,128.5,215.2,152.7
3.22,128.5,215.2,152.6
3.23,128.5,215.2,152.6
3.24,128.6,215.2,152.5
3.25,128.6,215.2,152.5
3.26,128.6,215.3,152.4
3.27,128.6,215.3,152.4
3.28,128.7,215.3,152.3
3.29,128.7,215.3,152.3
3.3,128.7,215.3,152.3
3.31,128.8,215.3,152.2
3.32,128.8,215.3,152.2
3.33,128.8,215.4,152.1
3.34,128.8,215.4,152.1
3.35,128.9,215.4,152
3.36,128.9,215.4,152
3.37,128.9,215.4,152
3.38,129,215.4,151.9
3.39,129,215.4,151.9
3.4,129,215.4,151.8
3.41,129.1,215.4,151.8
3.42,129.1,215.5,151.7
3.43,129.1,215.5,151.7
3.44,129.2,215.5,151.7
3.45,129.2,215.5,151.6
3.46,129.2,215.5,151.6
3.47,129.2,215.5,151.5
3.48,129.3,215.5,151.5
3.49,129.3,215.5,151.5
3.5,129.3,215.5,151.4
3.51,129.4,215.5,151.4
3.52,129.4,215.5,151.3
3.53,129.4,215.5,151.3
3.54,129.5,215.5,151.3
3.55,129.5,215.5,151.2
3.56,129.5,215.5,151.2
3.57,129.6,215.5,151.2
3.58,129.6,215.5,151.1
3.59,129.6,215.6,151.1
3.6,129.7,215.6,151.1
3.61,129.7,215.6,151
3.62,129.7,215.6,151
3.63,129.8,215.6,150.9
3.64,129.8,215.6,150.9
3.65,129.8,215.6,150.9
3.66,129.9,215.6,150.8
3.67,129.9,215.6,150.8
3.68,129.9,215.6,150.8
3.69,130,215.6,150.7
3.7,130,215.6,150.7
3.71,130,215.6,150.7
3.72,130.1,215.6,150.6
3.73,130.1,215.6,150.6
3.74,130.1,215.6,150.6
3.75,130.2,215.6,150.5
3.76,130.2,215.6,150.5
3.77,130.2,215.6,150.5
3.78,130.3,215.6,150.5
3.79,130.3,215.6,150.4
3.8,130.3,215.5,150.4
3.81,130.3,215.5,150.4
3.82,130.4,215.5,150.3
3.83,130.4,215.5,150.3
3.84,130.4,215.5,150.3
3.85,130.5,215.5,150.3
3.86,130.5,215.5,150.2
3.87,130.5,215.5,150.2
3.88,130.6,215.5,150.2
3.89,130.6,215.5,150.1
3.9,130.6,215.5,150.1
3.91,130.6,215.5,150.1
3.92,130.7,215.5,150.1
3.93,130.7,215.5,150
3.94,130.7,215.5,150
3.95,130.8,215.5,150
3.96,130.8,215.5,150
3.97,130.8,215.5,150
3.98,130.8,215.5,149.9
3.99,130.9,215.5,149.9
4,130.9,215.5,149.9
4.01,130.9,215.5,149.9
4.02,130.9,215.5,149.8
4.03,131,215.5,149.8
4.04,131,215.5,149.8
4.05,131,215.5,149.8
4.06,131,215.5,149.8
4.07,131,215.5,149.7
4.08,131.1,215.5,149.7
4.09,131.1,215.5,149.7
4.1,131.1,215.5,149.7
4.11,131.1,215.5,149.7
4.12,131.2,215.5,149.6
4.13,131.2,215.5,149.6
4.14,131.2,215.5,149.6
4.15,131.2,215.5,149.6
4.16,131.2,215.5,149.6
4.17,131.2,215.5,149.6
4.18,131.3,215.5,149.5
4.19,131.3,215.5,149.5
4.2,131.3,215.5,149.5
4.21,131.3,215.5,149.5
4.22,131.3,215.5,149.5
4.23,131.3,215.5,149.5
4.24,131.4,215.5,149.4
4.25,131.4,215.5,149.4
4.26,131.4,215.5,149.4
4.27,131.4,215.5,149.4
4.28,131.4,215.5,149.4
4.29,131.4,215.5,149.4
4.3,131.4,215.5,149.4
4.31,131.5,215.5,149.3
4.32,131.5,215.5,149.3
4.33,131.5,215.5,149.3
4.34,131.5,215.5,149.3
4.35,131.5,215.5,149.3
4.36,131.5,215.5,149.3
4.37,131.5,215.5,149.3
4.38,131.5,215.5,149.3
4.39,131.5,215.5,149.3
4.4,131.5,215.5,149.3
4.41,131.6,215.5,149.2
4.42,131.6,215.5,149.2
4.43,131.6,215.5,149.2
4.44,131.6,215.5,149.2
4.45,131.6,215.5,149.2
4.46,131.6,215.5,149.2
4.47,131.6,215.5,149.2
4.48,131.6,215.5,149.2
4.49,131.6,215.5,149.2
4.5,131.6,215.5,149.2
4.51,131.6,215.5,149.2
4.52,131.6,215.5,149.2
4.53,131.6,215.5,149.1
4.54,131.6,215.5,149.1
4.55,131.6,215.5,149.1
4.56,131.6,215.5,149.1
4.57,131.6,215.5,149.1
4.58,131.6,215.5,149.1
4.59,131.6,215.5,149.1
4.6,131.6,215.5,149.1
4.61,131.6,215.5,149.1
4.62,131.6,215.5,149.1
4.63,131.6,215.5,149.1
4.64,131.6,215.5,149.1
4.65,131.6,215.6,149.1
4.66,131.6,215.6,149.1
4.67,131.6,215.6,149.1
4.68,131.6,215.6,149.1
4.69,131.6,215.6,149.1
4.7,131.6,215.6,149.1
4.71,131.6,215.6,149.1
4.72,131.6,215.6,149.1
4.73,131.6,215.6,149.1
4.74,131.6,215.6,149.1
4.75,131.6,215.6,149.1
4.76,131.6,215.6,149.1
4.77,131.6,215.6,149.1
4.78,131.6,215.7,149.1
4.79,131.6,215.7,149.1
4.8,131.5,215.7,149.1
4.81,131.5,215.7,149.1
4.82,131.5,215.7,149.1
4.83,131.5,215.7,149.1
4.84,131.5,215.7,149.1
4.85,131.5,215.7,149.1
4.86,131.5,215.7,149.1
4.87,131.5,215.7,149
4.88,131.5,215.7,149
4.89,131.5,215.8,149
4.9,131.5,215.8,149
4.91,131.4,215.8,149.1
4.92,131.4,215.8,149.1
4.93,131.4,215.8,149.1
4.94,131.4,215.8,149.1
4.95,131.4,215.8,149.1
4.96,131.4,215.8,149.1
4.97,131.4,215.8,149.1
4.98,131.4,215.9,149.1
4.99,131.4,215.9,149.1
5,131.3,215.9,149.1
5.01,131.3,215.9,149.1
5.02,131.3,215.9,149.1
5.03,131.3,215.9,149.1
5.04,131.3,215.9,149.1
5.05,131.3,215.9,149.1
5.06,131.3,215.9,149.1
5.07,131.3,216,149.1
5.08,131.2,216,149.1
5.09,131.2,216,149.1
5.1,131.2,216,149.1
5.11,131.2,216,149.1
5.12,131.2,216,149.1
5.13,131.2,216,149.1
5.14,131.2,216,149.1
5.15,131.1,216.1,149.1
5.16,131.1,216.1,149.1
5.17,131.1,216.1,149.1
5.18,131.1,216.1,149.1
5.19,131.1,216.1,149.1
5.2,131.1,216.1,149.1
5.21,131,216.1,149.1
5.22,131,216.1,149.1
5.23,131,216.2,149.1
5.24,131,216.2,149.1
5.25,131,216.2,149.1
5.26,131,216.2,149.1
5.27,131,216.2,149.1
5.28,130.9,216.2,149.1
5.29,130.9,216.2,149.1
5.3,130.9,216.2,149.1
5.31,130.9,216.3,149.1
5.32,130.9,216.3,149.1
5.33,130.9,216.3,149.1
5.34,130.9,216.3,149.1
5.35,130.8,216.3,149.1
5.36,130.8,216.3,149.1
5.37,130.8,216.3,149.1
5.38,130.8,216.4,149.1
5.39,130.8,216.4,149.1
5.4,130.8,216.4,149.1
5.41,130.7,216.4,149.1
5.42,130.7,216.4,149.1
5.43,130.7,216.4,149.1
5.44,130.7,216.4,149.1
5.45,130.7,216.4,149.1
5.46,130.7,216.5,149.1
5.47,130.7,216.5,149.1
5.48,130.6,216.5,149.1
5.49,130.6,216.5,149.1
5.5,130.6,216.5,149.1
5.51,130.6,216.5,149.1
5.52,130.6,216.5,149.1
5.53,130.6,216.6,149.1
5.54,130.6,216.6,149.1
5.55,130.5,216.6,149.2
5.56,130.5,216.6,149.2
5.57,130.5,216.6,149.2
5.58,130.5,216.6,149.2
5.59,130.5,216.6,149.2
5.6,130.5,216.6,149.2
5.61,130.5,216.7,149.2
5.62,130.4,216.7,149.2
5.63,130.4,216.7,149.2
5.64,130.4,216.7,149.2
5.65,130.4,216.7,149.2
5.66,130.4,216.7,149.2
5.67,130.4,216.7,149.2
5.68,130.4,216.7,149.2
5.69,130.4,216.7,149.2
5.7,130.3,216.8,149.2
5.71,130.3,216.8,149.2
5.72,130.3,216.8,149.2
5.73,130.3,216.8,149.2
5.74,130.3,216.8,149.2
5.75,130.3,216.8,149.2
5.76,130.3,216.8,149.2
5.77,130.3,216.8,149.2
5.78,130.3,216.8,149.2
5.79,130.2,216.9,149.2
5.8,130.2,216.9,149.2
5.81,130.2,216.9,149.2
5.82,130.2,216.9,149.2
5.83,130.2,216.9,149.1
5.84,130.2,216.9,149.1
5.85,130.2,216.9,149.1
5.86,130.2,216.9,149.1
5.87,130.2,216.9,149.1
5.88,130.2,216.9,149.1
5.89,130.2,217,149.1
5.9,130.2,217,149.1
5.91,130.1,217,149.1
5.92,130.1,217,149.1
5.93,130.1,217,149.1
5.94,130.1,217,149.1
5.95,130.1,217,149.1
5.96,130.1,217,149.1
5.97,130.1,217,149.1
5.98,130.1,217,149.1
5.99,130.1,217,149.1
6,130.1,217,149.1
6.01,130.1,217.1,149.1
6.02,130.1,217.1,149.1
6.03,130.1,217.1,149.1
6.04,130.1,217.1,149.1
6.05,130.1,217.1,149.1
6.06,130.1,217.1,149.1
6.07,130.1,217.1,149.1
6.08,130.1,217.1,149.1
6.09,130,217.1,149.1
6.1,130,217.1,149.1
6.11,130,217.1,149.1
6.12,130,217.1,149.1
6.13,130,217.1,149.1
6.14,130,217.1,149.1
6.15,130,217.1,149.1
6.16,130,217.1,149.1
6.17,130,217.2,149.1
6.18,130,217.2,149.1
6.19,130,217.2,149.1
6.2,130,217.2,149.1
6.21,130,217.2,149
6.22,130,217.2,149
6.23,130,217.2,149
6.24,130,217.2,149
6.25,130,217.2,149
6.26,130,217.2,149
6.27,130,217.2,149
6.28,130,217.2,149
6.29,130,217.2,149
6.3,130,217.2,149
6.31,130,217.2,149
6.32,130,217.2,149
6.33,130,217.2,149
6.34,130,217.2,149
6.35,130,217.2,149
6.36,130,217.2,149
6.37,130,217.2,149
6.38,130,217.2,149
6.39,130,217.2,149
6.4,130.1,217.2,149
6.41,130.1,217.2,149
6.42,130.1,217.2,148.9
6.43,130.1,217.2,148.9
6.44,130.1,217.2,148.9
6.45,130.1,217.2,148.9
6.46,130.1,217.2,148.9
6.47,130.1,217.2,148.9
6.48,130.1,217.2,148.9
6.49,130.1,217.2,148.9
6.5,130.1,217.2,148.9
6.51,130.1,217.2,148.9
6.52,130.1,217.2,148.9
6.53,130.1,217.2,148.9
6.54,130.1,217.2,148.9
6.55,130.1,217.2,148.9
6.56,130.1,217.2,148.9
6.57,130.1,217.2,148.9
6.58,130.1,217.2,148.9
6.59,130.1,217.2,148.9
6.6,130.2,217.2,148.8
6.61,130.2,217.2,148.8
6.62,130.2,217.2,148.8
6.63,130.2,217.2,148.8
6.64,130.2,217.2,148.8
6.65,130.2,217.2,148.8
6.66,130.2,217.2,148.8
6.67,130.2,217.2,148.8
6.68,130.2,217.2,148.8
6.69,130.2,217.2,148.8
6.7,130.2,217.2,148.8
6.71,130.2,217.2,148.8
6.72,130.2,217.2,148.8
6.73,130.2,217.2,148.8
6.74,130.3,217.2,148.8
6.75,130.3,217.2,148.8
6.76,130.3,217.2,148.8
6.77,130.3,217.2,148.8
6.78,130.3,217.2,148.7
6.79,130.3,217.2,148.7
6.8,130.3,217.2,148.7
6.81,130.3,217.2,148.7
6.82,130.3,217.2,148.7
6.83,130.3,217.2,148.7
6.84,130.3,217.2,148.7
6.85,130.4,217.2,148.7
6.86,130.4,217.2,148.7
6.87,130.4,217.2,148.7
6.88,130.4,217.2,148.7
6.89,130.4,217.2,148.7
6.9,130.4,217.1,148.7
6.91,130.4,217.1,148.7
6.92,130.4,217.1,148.7
6.93,130.4,217.1,148.7
6.94,130.4,217.1,148.7
6.95,130.4,217.1,148.7
6.96,130.5,217.1,148.6
6.97,130.5,217.1,148.6
6.98,130.5,217.1,148.6
6.99,130.5,217.1,148.6
7,130.5,217.1,148.6
7.01,130.5,217.1,148.6
7.02,130.5,217.1,148.6
7.03,130.5,217.1,148.6
7.04,130.5,217.1,148.6
7.05,130.5,217.1,148.6
7.06,130.5,217.1,148.6
7.07,130.6,217.1,148.6
7.08,130.6,217.1,148.6
7.09,130.6,217.1,148.6
7.1,130.6,217.1,148.6
7.11,130.6,217.1,148.6
7.12,130.6,217.1,148.6
7.13,130.6,217,148.6
7.14,130.6,217,148.6
7.15,130.6,217,148.6
7.16,130.6,217,148.5
7.17,130.7,217,148.5
7.18,130.7,217,148.5
7.19,130.7,217,148.5
7.2,130.7,217,148.5
7.21,130.7,217,148.5
7.22,130.7,217,148.5
7.23,130.7,217,148.5
7.24,130.7,217,148.5
7.25,130.7,217,148.5
7.26,130.7,217,148.5
7.27,130.7,217,148.5
7.28,130.8,217,148.5
7.29,130.8,217,148.5
7.3,130.8,217,148.5
7.31,130.8,217,148.5
7.32,130.8,217,148.5
7.33,130.8,216.9,148.5
7.34,130.8,216.9,148.5
7.35,130.8,216.9,148.5
7.36,130.8,216.9,148.5
7.37,130.8,216.9,148.5
7.38,130.8,216.9,148.5
7.39,130.8,216.9,148.5
7.4,130.8,216.9,148.5
7.41,130.9,216.9,148.5
7.42,130.9,216.9,148.4
7.43,130.9,216.9,148.4
7.44,130.9,216.9,148.4
7.45,130.9,216.9,148.4
7.46,130.9,216.9,148.4
7.47,130.9,216.9,148.4
7.48,130.9,216.9,148.4
7.49,130.9,216.9,148.4
7.5,130.9,216.9,148.4
7.51,130.9,216.9,148.4
7.52,130.9,216.9,148.4
7.53,130.9,216.9,148.4
7.54,130.9,216.9,148.4
7.55,131,216.9,148.4
7.56,131,216.8,148.4
7.57,131,216.8,148.4
7.58,131,216.8,148.4
7.59,131,216.8,148.4
7.6,131,216.8,148.4
7.61,131,216.8,148.4
7.62,131,216.8,148.4
7.63,131,216.8,148.4
7.64,131,216.8,148.4
7.65,131,216.8,148.4
7.66,131,216.8,148.4
7.67,131,216.8,148.4
7.68,131,216.8,148.4
7.69,131,216.8,148.4
7.7,131,216.8,148.4
7.71,131,216.8,148.4
7.72,131,216.8,148.4
7.73,131,216.8,148.4
7.74,131,216.8,148.4
7.75,131,216.8,148.4
7.76,131.1,216.8,148.4
7.77,131.1,216.8,148.4
7.78,131.1,216.8,148.4
7.79,131.1,216.8,148.4
7.8,131.1,216.8,148.4
7.81,131.1,216.8,148.4
7.82,131.1,216.8,148.4
7.83,131.1,216.8,148.4
7.84,131.1,216.8,148.4
7.85,131.1,216.8,148.4
7.86,131.1,216.8,148.4
7.87,131.1,216.8,148.4
7.88,131.1,216.8,148.4
7.89,131.1,216.8,148.4
7.9,131.1,216.8,148.4
7.91,131.1,216.7,148.4
7.92,131.1,216.7,148.4
7.93,131.1,216.7,148.4
7.94,131.1,216.7,148.4
7.95,131.1,216.7,148.4
7.96,131.1,216.7,148.4
7.97,131.1,216.7,148.4
7.98,131.1,216.7,148.4
7.99,131.1,216.7,148.4
8,131.1,216.7,148.4
8.01,131.1,216.7,148.4
8.02,131.1,216.7,148.4
8.03,131.1,216.7,148.4
8.04,131.1,216.7,148.4
8.05,131.1,216.7,148.4
8.06,131.1,216.7,148.4
8.07,131.1,216.7,148.4
8.08,131.1,216.7,148.4
8.09,131.1,216.7,148.4
8.1,131.1,216.7,148.4
8.11,131.1,216.7,148.4
8.12,131.1,216.7,148.4
8.13,131.1,216.7,148.4
8.14,131.1,216.7,148.4
8.15,131.1,216.7,148.4
8.16,131.1,216.7,148.4
8.17,131.1,216.7,148.4
8.18,131.1,216.7,148.4
8.19,131.1,216.7,148.4
8.2,131.1,216.7,148.4
8.21,131.1,216.7,148.4
8.22,131.1,216.7,148.4
8.23,131.1,216.7,148.4
8.24,131.1,216.7,148.4
8.25,131.1,216.7,148.4
8.26,131.1,216.7,148.4
8.27,131.1,216.7,148.4
8.28,131.1,216.7,148.4
8.29,131.1,216.7,148.4
8.3,131.1,216.7,148.4
8.31,131.1,216.7,148.4
8.32,131.1,216.7,148.4
8.33,131.1,216.7,148.4
8.34,131,216.7,148.4
8.35,131,216.7,148.4
8.36,131,216.7,148.4
8.37,131,216.7,148.4
8.38,131,216.8,148.4
8.39,131,216.8,148.4
8.4,131,216.8,148.4
8.41,131,216.8,148.4
8.42,131,216.8,148.4
8.43,131,216.8,148.5
8.44,131,216.8,148.5
8.45,131,216.8,148.5
8.46,131,216.8,148.5
8.47,131,216.8,148.5
8.48,131,216.8,148.5
8.49,131,216.8,148.5
8.5,131,216.8,148.5
8.51,131,216.8,148.5
8.52,131,216.8,148.5
8.53,131,216.8,148.5
8.54,131,216.8,148.5
8.55,131,216.8,148.5
8.56,131,216.8,148.5
8.57,131,216.8,148.5
8.58,131,216.8,148.5
8.59,131,216.8,148.5
8.6,130.9,216.8,148.5
8.61,130.9,216.8,148.5
8.62,130.9,216.8,148.5
8.63,130.9,216.8,148.5
8.64,130.9,216.8,148.5
8.65,130.9,216.8,148.5
8.66,130.9,216.8,148.5
8.67,130.9,216.8,148.5
8.68,130.9,216.8,148.5
8.69,130.9,216.8,148.5
8.7,130.9,216.8,148.5
8.71,130.9,216.8,148.5
8.72,130.9,216.8,148.5
8.73,130.9,216.8,148.5
8.74,130.9,216.8,148.5
8.75,130.9,216.8,148.5
8.76,130.9,216.8,148.5
8.77,130.9,216.8,148.5
8.78,130.9,216.8,148.5
8.79,130.9,216.8,148.5
8.8,130.9,216.8,148.5
8.81,130.9,216.9,148.5
8.82,130.8,216.9,148.5
8.83,130.8,216.9,148.5
8.84,130.8,216.9,148.5
8.85,130.8,216.9,148.5
8.86,130.8,216.9,148.5
8.87,130.8,216.9,148.5
8.88,130.8,216.9,148.5
8.89,130.8,216.9,148.5
8.9,130.8,216.9,148.5
8.91,130.8,216.9,148.5
8.92,130.8,216.9,148.5
8.93,130.8,216.9,148.5
8.94,130.8,216.9,148.5
8.95,130.8,216.9,148.5
8.96,130.8,216.9,148.6
8.97,130.8,216.9,148.6
8.98,130.8,216.9,148.6
8.99,130.8,216.9,148.6
9,130.8,216.9,148.6
9.01,130.8,216.9,148.6
9.02,130.8,216.9,148.6
9.03,130.8,216.9,148.6
9.04,130.7,216.9,148.6
9.05,130.7,216.9,148.6
9.06,130.7,216.9,148.6
9.07,130.7,216.9,148.6
9.08,130.7,216.9,148.6
9.09,130.7,216.9,148.6
9.1,130.7,216.9,148.6
9.11,130.7,216.9,148.6
9.12,130.7,216.9,148.6
9.13,130.7,216.9,148.6
9.14,130.7,216.9,148.6
9.15,130.7,217,148.6
9.16,130.7,217,148.6
9.17,130.7,217,148.6
9.18,130.7,217,148.6
9.19,130.7,217,148.6
9.2,130.7,217,148.6
9.21,130.7,217,148.6
9.22,130.7,217,148.6
9.23,130.7,217,148.6
9.24,130.7,217,148.6
9.25,130.7,217,148.6
9.26,130.7,217,148.6
9.27,130.7,217,148.6
9.28,130.7,217,148.6
9.29,130.7,217,148.6
9.3,130.7,217,148.6
9.31,130.7,217,148.6
9.32,130.6,217,148.6
9.33,130.6,217,148.6
9.34,130.6,217,148.6
9.35,130.6,217,148.6
9.36,130.6,217,148.6
9.37,130.6,217,148.6
9.38,130.6,217,148.6
9.39,130.6,217,148.6
9.4,130.6,217,148.6
9.41,130.6,217,148.6
9.42,130.6,217,148.6
9.43,130.6,217,148.6
9.44,130.6,217,148.6
9.45,130.6,217,148.6
9.46,130.6,217,148.6
9.47,130.6,217,148.6
9.48,130.6,217,148.6
9.49,130.6,217,148.6
9.5,130.6,217,148.6
9.51,130.6,217,148.6
9.52,130.6,217,148.6
9.53,130.6,217,148.6
9.54,130.6,217,148.6
9.55,130.6,217,148.6
9.56,130.6,217,148.6
9.57,130.6,217,148.6
9.58,130.6,217,148.6
9.59,130.6,217,148.6
9.6,130.6,217,148.6
9.61,130.6,217,148.6
9.62,130.6,217,148.6
9.63,130.6,217,148.6
9.64,130.6,217,148.6
9.65,130.6,217,148.6
9.66,130.6,217.1,148.6
9.67,130.6,217.1,148.6
9.68,130.6,217.1,148.6
9.69,130.6,217.1,148.6
9.7,130.6,217.1,148.6
9.71,130.6,217.1,148.6
9.72,130.6,217.1,148.6
9.73,130.6,217.1,148.6
9.74,130.6,217.1,148.6
9.75,130.6,217.1,148.6
9.76,130.6,217.1,148.6
9.77,130.6,217.1,148.6
9.78,130.6,217.1,148.6
9.79,130.6,217.1,148.6
9.8,130.6,217.1,148.6
9.81,130.6,217.1,148.6
9.82,130.6,217.1,148.6
9.83,130.6,217.1,148.6
9.84,130.6,217.1,148.6
9.85,130.6,217.1,148.6
9.86,130.6,217.1,148.6
9.87,130.6,217.1,148.6
9.88,130.6,217.1,148.6
9.89,130.6,217.1,148.6
9.9,130.6,217.1,148.6
9.91,130.6,217.1,148.6
9.92,130.6,217.1,148.6
9.93,130.6,217.1,148.6
9.94,130.6,217.1,148.6
9.95,130.6,217.1,148.6
9.96,130.6,217.1,148.6
9.97,130.6,217.1,148.6
9.98,130.6,217.1,148.6
9.99,130.6,217.1,148.6
10,130.6,217.1,148.6
10.01,130.6,217.1,148.6
10.02,130.6,217.1,148.6
10.03,130.6,217.1,148.6
10.04,130.6,217.1,148.6
10.05,130.6,217.1,148.6
10.06,130.6,217.1,148.5
10.07,130.6,217.1,148.5
10.08,130.6,217.1,148.5
10.09,130.6,217.1,148.5
10.1,130.6,217.1,148.5
10.11,130.6,217.1,148.5
10.12,130.6,217.1,148.5
10.13,130.6,217.1,148.5
10.14,130.6,217.1,148.5
10.15,130.6,217.1,148.5
10.16,130.6,217.1,148.5
10.17,130.6,217.1,148.5
10.18,130.6,217.1,148.5
10.19,130.6,217,148.5
10.2,130.6,217,148.5
10.21,130.6,217,148.5
10.22,130.6,217,148.5
10.23,130.6,217,148.5
10.24,130.6,217,148.5
10.25,130.7,217,148.5
10.26,130.7,217,148.5
10.27,130.7,217,148.5
10.28,130.7,217,148.5
10.29,130.7,217,148.5
10.3,130.7,217,148.5
10.31,130.7,217,148.5
10.32,130.7,217,148.5
10.33,130.7,217,148.5
10.34,130.7,217,148.5
10.35,130.7,217,148.5
10.36,130.7,217,148.5
10.37,130.7,217,148.5
10.38,130.7,217,148.5
10.39,130.7,217,148.5
10.4,130.7,217,148.5
10.41,130.7,217,148.5
10.42,130.7,217,148.5
10.43,130.7,217,148.5
10.44,130.7,217,148.5
10.45,130.7,217,148.5
10.46,130.7,217,148.5
10.47,130.7,217,148.5
10.48,130.7,217,148.5
10.49,130.7,217,148.5
10.5,130.7,217,148.5
10.51,130.7,217,148.5
10.52,130.7,217,148.5
10.53,130.7,217,148.5
10.54,130.7,217,148.5
10.55,130.7,217,148.5
10.56,130.7,217,148.5
10.57,130.7,217,148.5
10.58,130.7,217,148.5
10.59,130.7,217,148.5
10.6,130.7,217,148.5
10.61,130.7,217,148.5
10.62,130.7,217,148.5
10.63,130.7,217,148.5
10.64,130.7,217,148.5
10.65,130.8,217,148.5
10.66,130.8,217,148.5
10.67,130.8,217,148.5
10.68,130.8,217,148.5
10.69,130.8,217,148.5
10.7,130.8,217,148.5
10.71,130.8,217,148.5
10.72,130.8,217,148.5
10.73,130.8,217,148.5
10.74,130.8,217,148.5
10.75,130.8,217,148.5
10.76,130.8,217,148.5
10.77,130.8,217,148.5
10.78,130.8,217,148.5
10.79,130.8,217,148.5
10.8,130.8,217,148.5
10.81,130.8,217,148.5
10.82,130.8,217,148.5
10.83,130.8,217,148.5
10.84,130.8,217,148.5
10.85,130.8,217,148.5
10.86,130.8,217,148.5
10.87,130.8,217,148.5
10.88,130.8,217,148.5
10.89,130.8,217,148.5
10.9,130.8,217,148.5
10.91,130.8,217,148.5
10.92,130.8,217,148.5
10.93,130.8,216.9,148.5
10.94,130.8,216.9,148.5
10.95,130.8,216.9,148.5
10.96,130.8,216.9,148.5
10.97,130.8,216.9,148.5
10.98,130.8,216.9,148.5
10.99,130.8,216.9,148.5
11,130.8,216.9,148.4
11.01,130.8,216.9,148.4
11.02,130.8,216.9,148.4
11.03,130.8,216.9,148.4
11.04,130.8,216.9,148.4
11.05,130.8,216.9,148.4
11.06,130.8,216.9,148.4
11.07,130.8,216.9,148.4
11.08,130.8,216.9,148.4
11.09,130.8,216.9,148.4
11.1,130.8,216.9,148.4
11.11,130.8,216.9,148.4
11.12,130.8,216.9,148.4
11.13,130.8,216.9,148.4
11.14,130.8,216.9,148.4
11.15,130.9,216.9,148.4
11.16,130.9,216.9,148.4
11.17,130.9,216.9,148.4
11.18,130.9,216.9,148.4
11.19,130.9,216.9,148.4
11.2,130.9,216.9,148.4
11.21,130.9,216.9,148.4
11.22,130.9,216.9,148.4
11.23,130.9,216.9,148.4
11.24,130.9,216.9,148.4
11.25,130.9,216.9,148.4
11.26,130.9,216.9,148.4
11.27,130.9,216.9,148.4
11.28,130.9,216.9,148.4
11.29,130.9,216.9,148.4
11.3,130.9,216.9,148.4
11.31,130.9,216.9,148.4
11.32,130.9,216.9,148.4
11.33,130.9,216.9,148.4
11.34,130.9,216.9,148.4
11.35,130.9,216.9,148.4
11.36,130.9,216.9,148.4
11.37,130.9,216.9,148.4
11.38,130.9,216.9,148.4
11.39,130.9,216.9,148.4
11.4,130.9,216.9,148.4
11.41,130.9,216.9,148.4
11.42,130.9,216.9,148.4
11.43,130.9,216.9,148.4
11.44,130.9,216.9,148.4
11.45,130.9,216.9,148.4
11.46,130.9,216.9,148.4
11.47,130.9,216.9,148.4
11.48,130.9,216.9,148.4
11.49,130.9,216.9,148.4
11.5,130.9,216.9,148.4
11.51,130.9,216.9,148.4
11.52,130.9,216.9,148.4
11.53,130.9,216.9,148.4
11.54,130.9,216.9,148.4
11.55,130.9,216.9,148.4
11.56,130.9,216.9,148.4
11.57,130.9,216.9,148.5
11.58,130.9,216.9,148.5
11.59,130.9,216.9,148.5
11.6,130.9,216.9,148.5
11.61,130.9,216.9,148.5
11.62,130.9,216.9,148.5
11.63,130.9,216.9,148.5
11.64,130.9,216.9,148.5
11.65,130.9,216.9,148.5
11.66,130.9,216.9,148.5
11.67,130.9,216.9,148.5
11.68,130.9,216.9,148.5
11.69,130.9,216.9,148.5
11.7,130.9,216.9,148.5
11.71,130.9,216.9,148.5
11.72,130.9,216.9,148.5
11.73,130.9,216.9,148.5
11.74,130.9,216.9,148.5
11.75,130.9,216.9,148.5
11.76,130.9,216.9,148.5
11.77,130.9,216.9,148.5
11.78,130.9,216.9,148.5
11.79,130.9,216.9,148.5
11.8,130.9,216.9,148.5
11.81,130.9,216.9,148.5
11.82,130.9,216.9,148.5
11.83,130.9,216.9,148.5
11.84,130.9,216.9,148.5
11.85,130.9,216.9,148.5
11.86,130.9,216.9,148.5
11.87,130.9,216.9,148.5
11.88,130.9,216.9,148.5
11.89,130.9,216.9,148.5
11.9,130.8,216.9,148.5
11.91,130.8,216.9,148.5
11.92,130.8,216.9,148.5
11.93,130.8,216.9,148.5
11.94,130.8,216.9,148.5
11.95,130.8,216.9,148.5
11.96,130.8,216.9,148.5
11.97,130.8,216.9,148.5
11.98,130.8,216.9,148.5
11.99,130.8,216.9,148.5
12,130.8,216.9,148.5
12.01,130.8,216.9,148.5
12.02,130.8,216.9,148.5
12.03,130.8,216.9,148.5
12.04,130.8,216.9,148.5
12.05,130.8,216.9,148.5
12.06,130.8,216.9,148.5
12.07,130.8,216.9,148.5
12.08,130.8,216.9,148.5
12.09,130.8,216.9,148.5
12.1,130.8,216.9,148.5
12.11,130.8,216.9,148.5
12.12,130.8,216.9,148.5
12.13,130.8,216.9,148.5
12.14,130.8,216.9,148.5
12.15,130.8,216.9,148.5
12.16,130.8,216.9,148.5
12.17,130.8,216.9,148.5
12.18,130.8,216.9,148.5
12.19,130.8,216.9,148.5
12.2,130.8,216.9,148.5
12.21,130.8,216.9,148.5
12.22,130.8,216.9,148.5
12.23,130.8,216.9,148.5
12.24,130.8,216.9,148.5
12.25,130.8,216.9,148.5
12.26,130.8,216.9,148.5
12.27,130.8,216.9,148.5
12.28,130.8,216.9,148.5
12.29,130.8,216.9,148.5
12.3,130.8,216.9,148.5
12.31,130.8,216.9,148.5
12.32,130.8,216.9,148.5
12.33,130.8,216.9,148.5
12.34,130.8,216.9,148.5
12.35,130.8,216.9,148.5
12.36,130.8,216.9,148.5
12.37,130.8,216.9,148.5
12.38,130.8,216.9,148.5
12.39,130.8,216.9,148.5
12.4,130.8,216.9,148.5
12.41,130.8,216.9,148.5
12.42,130.8,216.9,148.5
12.43,130.8,216.9,148.5
12.44,130.8,216.9,148.5
12.45,130.8,216.9,148.5
12.46,130.8,216.9,148.5
12.47,130.8,216.9,148.5
12.48,130.8,216.9,148.5
12.49,130.8,216.9,148.5
12.5,130.8,216.9,148.5
12.51,130.8,216.9,148.5
12.52,130.8,216.9,148.5
12.53,130.8,216.9,148.5
12.54,130.8,216.9,148.5
12.55,130.8,217,148.5
12.56,130.8,217,148.5
12.57,130.8,217,148.5
12.58,130.8,217,148.5
12.59,130.8,217,148.5
12.6,130.8,217,148.5
12.61,130.8,217,148.5
12.62,130.8,217,148.5
12.63,130.8,217,148.5
12.64,130.8,217,148.5
12.65,130.8,217,148.5
12.66,130.8,217,148.5
12.67,130.8,217,148.5
12.68,130.8,217,148.5
12.69,130.8,217,148.5
12.7,130.8,217,148.5
12.71,130.7,217,148.5
12.72,130.7,217,148.5
12.73,130.7,217,148.5
12.74,130.7,217,148.5
12.75,130.7,217,148.5
12.76,130.7,217,148.5
12.77,130.7,217,148.5
12.78,130.7,217,148.5
12.79,130.7,217,148.5
12.8,130.7,217,148.5
12.81,130.7,217,148.5
12.82,130.7,217,148.5
12.83,130.7,217,148.5
12.84,130.7,217,148.5
12.85,130.7,217,148.5
12.86,130.7,217,148.5
12.87,130.7,217,148.5
12.88,130.7,217,148.5
12.89,130.7,217,148.5
12.9,130.7,217,148.5
12.91,130.7,217,148.5
12.92,130.7,217,148.5
12.93,130.7,217,148.5
12.94,130.7,217,148.5
12.95,130.7,217,148.5
12.96,130.7,217,148.5
12.97,130.7,217,148.5
12.98,130.7,217,148.5
12.99,130.7,217,148.5
13,130.7,217,148.5
13.01,130.7,217,148.5
13.02,130.7,217,148.5
13.03,130.7,217,148.5
13.04,130.7,217,148.5
13.05,130.7,217,148.5
13.06,130.7,217,148.5
13.07,130.7,217,148.5
13.08,130.7,217,148.5
13.09,130.7,217,148.5
13.1,130.7,217,148.5
13.11,130.7,217,148.5
13.12,130.7,217,148.5
13.13,130.7,217,148.5
13.14,130.7,217,148.5
13.15,130.7,217,148.5
13.16,130.7,217,148.5
13.17,130.7,217,148.5
13.18,130.7,217,148.5
13.19,130.7,217,148.5
13.2,130.7,217,148.5
13.21,130.7,217,148.5
13.22,130.7,217,148.5
13.23,130.7,217,148.5
13.24,130.7,217,148.5
13.25,130.7,217,148.5
13.26,130.7,217,148.5
13.27,130.7,217,148.5
13.28,130.7,217,148.5
13.29,130.7,217,148.5
13.3,130.7,217,148.5
13.31,130.7,217,148.5
13.32,130.7,217,148.5
13.33,130.7,217,148.5
13.34,130.7,217,148.5
13.35,130.7,217,148.5
13.36,130.7,217,148.5
13.37,130.7,217,148.5
13.38,130.7,217,148.5
13.39,130.7,217,148.5
13.4,130.7,217,148.5
13.41,130.7,217,148.5
13.42,130.7,217,148.5
13.43,130.7,217,148.5
13.44,130.7,217,148.5
13.45,130.7,217,148.5
13.46,130.7,217,148.5
13.47,130.7,217,148.5
13.48,130.7,217,148.5
13.49,130.7,217,148.5
13.5,130.7,217,148.5
13.51,130.7,217,148.5
13.52,130.7,217,148.5
13.53,130.7,217,148.5
13.54,130.7,217,148.5
13.55,130.7,217,148.5
13.56,130.7,217,148.5
13.57,130.7,217,148.5
13.58,130.7,217,148.5
13.59,130.7,217,148.5
13.6,130.7,217,148.5
13.61,130.7,217,148.5
13.62,130.7,217,148.5
13.63,130.7,217,148.5
13.64,130.7,217,148.5
13.65,130.7,217,148.5
13.66,130.7,217,148.5
13.67,130.7,217,148.5
13.68,130.7,217,148.5
13.69,130.7,217,148.5
13.7,130.7,217,148.5
13.71,130.7,217,148.5
13.72,130.7,217,148.5
13.73,130.7,217,148.5
13.74,130.7,217,148.5
13.75,130.7,217,148.5
13.76,130.7,217,148.5
13.77,130.7,217,148.5
13.78,130.7,217,148.5
13.79,130.7,217,148.5
13.8,130.7,217,148.5
13.81,130.7,217,148.5
13.82,130.7,217,148.5
13.83,130.7,217,148.5
13.84,130.7,217,148.5
13.85,130.7,217,148.5
13.86,130.7,217,148.5
13.87,130.8,217,148.5
13.88,130.8,217,148.5
13.89,130.8,217,148.5
13.9,130.8,217,148.5
13.91,130.8,217,148.5
13.92,130.8,217,148.5
13.93,130.8,217,148.5
13.94,130.8,217,148.5
13.95,130.8,217,148.5
13.96,130.8,217,148.5
13.97,130.8,217,148.5
13.98,130.8,217,148.5
13.99,130.8,217,148.5
14,130.8,217,148.5
14.01,130.8,217,148.5
14.02,130.8,217,148.5
14.03,130.8,217,148.5
14.04,130.8,217,148.5
14.05,130.8,217,148.5
14.06,130.8,217,148.5
14.07,130.8,217,148.5
14.08,130.8,217,148.5
14.09,130.8,217,148.5
14.1,130.8,217,148.5
14.11,130.8,217,148.5
14.12,130.8,217,148.5
14.13,130.8,217,148.5
14.14,130.8,217,148.5
14.15,130.8,217,148.5
14.16,130.8,217,148.5
14.17,130.8,217,148.5
14.18,130.8,217,148.5
14.19,130.8,217,148.5
14.2,130.8,217,148.5
14.21,130.8,217,148.5
14.22,130.8,217,148.5
14.23,130.8,217,148.5
14.24,130.8,217,148.5
14.25,130.8,217,148.5
14.26,130.8,217,148.5
14.27,130.8,217,148.5
14.28,130.8,217,148.5
14.29,130.8,217,148.5
14.3,130.8,217,148.5
14.31,130.8,217,148.5
14.32,130.8,217,148.5
14.33,130.8,217,148.5
14.34,130.8,217,148.5
14.35,130.8,217,148.5
14.36,130.8,217,148.5
14.37,130.8,217,148.5
14.38,130.8,217,148.5
14.39,130.8,217,148.5
14.4,130.8,217,148.5
14.41,130.8,217,148.5
14.42,130.8,217,148.5
14.43,130.8,217,148.5
14.44,130.8,217,148.5
14.45,130.8,217,148.5
14.46,130.8,217,148.5
14.47,130.8,217,148.5
14.48,130.8,217,148.5
14.49,130.8,217,148.5
14.5,130.8,217,148.5
14.51,130.8,217,148.5
14.52,130.8,217,148.5
14.53,130.8,217,148.5
14.54,130.8,217,148.5
14.55,130.8,216.9,148.5
14.56,130.8,216.9,148.5
14.57,130.8,216.9,148.5
14.58,130.8,216.9,148.5
14.59,130.8,216.9,148.5
14.6,130.8,216.9,148.5
14.61,130.8,216.9,148.5
14.62,130.8,216.9,148.5
14.63,130.8,216.9,148.5
14.64,130.8,216.9,148.5
14.65,130.8,216.9,148.5
14.66,130.8,216.9,148.5
14.67,130.8,216.9,148.5
14.68,130.8,216.9,148.5
14.69,130.8,216.9,148.5
14.7,130.8,216.9,148.5
14.71,130.8,216.9,148.5
14.72,130.8,216.9,148.5
14.73,130.8,216.9,148.5
14.74,130.8,216.9,148.5
14.75,130.8,216.9,148.5
14.76,130.8,216.9,148.5
14.77,130.8,216.9,148.5
14.78,130.8,216.9,148.5
14.79,130.8,216.9,148.5
14.8,130.8,216.9,148.5
14.81,130.8,216.9,148.5
14.82,130.8,216.9,148.5
14.83,130.8,216.9,148.5
14.84,130.8,216.9,148.5
14.85,130.8,216.9,148.5
14.86,130.8,216.9,148.5
14.87,130.8,216.9,148.5
14.88,130.8,216.9,148.5
14.89,130.8,216.9,148.5
14.9,130.8,216.9,148.5
14.91,130.8,216.9,148.5
14.92,130.8,216.9,148.5
14.93,130.8,216.9,148.5
14.94,130.8,216.9,148.5
14.95,130.8,216.9,148.5
14.96,130.8,216.9,148.5
14.97,130.8,216.9,148.5
14.98,130.8,216.9,148.5
14.99,130.8,216.9,148.5
15,130.8,216.9,148.5
15.01,130.8,216.9,148.5
15.02,130.8,216.9,148.5
15.03,130.8,216.9,148.5
15.04,130.8,216.9,148.5
15.05,130.8,216.9,148.5
15.06,130.8,216.9,148.5
15.07,130.8,216.9,148.5
15.08,130.8,216.9,148.5
15.09,130.8,216.9,148.5
15.1,130.8,216.9,148.5
15.11,130.8,216.9,148.5
15.12,130.8,216.9,148.5
15.13,130.8,216.9,148.5
15.14,130.8,216.9,148.5
15.15,130.8,216.9,148.5
15.16,130.8,216.9,148.5
15.17,130.8,216.9,148.5
15.18,130.8,216.9,148.5
15.19,130.8,216.9,148.5
15.2,130.8,216.9,148.5
15.21,130.8,216.9,148.5
15.22,130.8,216.9,148.5
15.23,130.8,216.9,148.5
15.24,130.8,216.9,148.5
15.25,130.8,216.9,148.5
15.26,130.8,216.9,148.5
15.27,130.8,216.9,148.5
15.28,130.8,216.9,148.5
15.29,130.8,216.9,148.5
15.3,130.8,216.9,148.5
15.31,130.8,216.9,148.5
15.32,130.8,216.9,148.5
15.33,130.8,216.9,148.5
15.34,130.8,216.9,148.5
15.35,130.8,216.9,148.5
15.36,130.8,216.9,148.5
15.37,130.8,216.9,148.5
15.38,130.8,216.9,148.5
15.39,130.8,216.9,148.5
15.4,130.8,216.9,148.5
15.41,130.8,216.9,148.5
15.42,130.8,216.9,148.5
15.43,130.8,216.9,148.5
15.44,130.8,216.9,148.5
15.45,130.8,216.9,148.5
15.46,130.8,216.9,148.5
15.47,130.8,216.9,148.5
15.48,130.8,216.9,148.5
15.49,130.8,216.9,148.5
15.5,130.8,216.9,148.5
15.51,130.8,216.9,148.5
15.52,130.8,216.9,148.5
15.53,130.8,216.9,148.5
15.54,130.8,216.9,148.5
15.55,130.8,216.9,148.5
15.56,130.8,216.9,148.5
15.57,130.8,216.9,148.5
15.58,130.8,216.9,148.5
15.59,130.8,216.9,148.5
15.6,130.8,216.9,148.5
15.61,130.8,216.9,148.5
15.62,130.8,216.9,148.5
15.63,130.8,216.9,148.5
15.64,130.8,216.9,148.5
15.65,130.8,216.9,148.5
15.66,130.8,216.9,148.5
15.67,130.8,216.9,148.5
15.68,130.8,216.9,148.5
15.69,130.8,216.9,148.5
15.7,130.8,216.9,148.5
15.71,130.8,216.9,148.5
15.72,130.8,216.9,148.5
15.73,130.8,216.9,148.5
15.74,130.8,216.9,148.5
15.75,130.8,216.9,148.5
15.76,130.8,216.9,148.5
15.77,130.8,216.9,148.5
15.78,130.8,216.9,148.5
15.79,130.8,216.9,148.5
15.8,130.8,216.9,148.5
15.81,130.8,216.9,148.5
15.82,130.8,216.9,148.5
15.83,130.8,217,148.5
15.84,130.8,217,148.5
15.85,130.8,217,148.5
15.86,130.8,217,148.5
15.87,130.8,217,148.5
15.88,130.8,217,148.5
15.89,130.8,217,148.5
15.9,130.8,217,148.5
15.91,130.8,217,148.5
15.92,130.8,217,148.5
15.93,130.8,217,148.5
15.94,130.8,217,148.5
15.95,130.8,217,148.5
15.96,130.8,217,148.5
15.97,130.8,217,148.5
15.98,130.8,217,148.5
15.99,130.8,217,148.5
16,130.8,217,148.5
16.01,130.8,217,148.5
16.02,130.8,217,148.5
16.03,130.8,217,148.5
16.04,130.8,217,148.5
16.05,130.8,217,148.5
16.06,130.8,217,148.5
16.07,130.8,217,148.5
16.08,130.8,217,148.5
16.09,130.8,217,148.5
16.1,130.8,217,148.5
16.11,130.8,217,148.5
16.12,130.8,217,148.5
16.13,130.8,217,148.5
16.14,130.8,217,148.5
16.15,130.8,217,148.5
16.16,130.8,217,148.5
16.17,130.8,217,148.5
16.18,130.8,217,148.5
16.19,130.8,217,148.5
16.2,130.8,217,148.5
16.21,130.8,217,148.5
16.22,130.8,217,148.5
16.23,130.8,217,148.5
16.24,130.8,217,148.5
16.25,130.8,217,148.5
16.26,130.8,217,148.5
16.27,130.8,217,148.5
16.28,130.8,217,148.5
16.29,130.8,217,148.5
16.3,130.8,217,148.5
16.31,130.8,217,148.5
16.32,130.8,217,148.5
16.33,130.8,217,148.5
16.34,130.8,217,148.5
16.35,130.8,217,148.5
16.36,130.8,217,148.5
16.37,130.8,217,148.5
16.38,130.8,217,148.5
16.39,130.8,217,148.5
16.4,130.8,217,148.5
16.41,130.8,217,148.5
16.42,130.8,217,148.5
16.43,130.8,217,148.5
16.44,130.8,217,148.5
16.45,130.8,217,148.5
16.46,130.8,217,148.5
16.47,130.8,217,148.5
16.48,130.8,217,148.5
16.49,130.8,217,148.5
16.5,130.8,217,148.5
16.51,130.8,217,148.5
16.52,130.8,217,148.5
16.53,130.8,217,148.5
16.54,130.8,217,148.5
16.55,130.8,217,148.5
16.56,130.8,217,148.5
16.57,130.8,217,148.5
16.58,130.8,217,148.5
16.59,130.8,217,148.5
16.6,130.8,217,148.5
16.61,130.8,217,148.5
16.62,130.8,217,148.5
16.63,130.8,217,148.5
16.64,130.8,217,148.5
16.65,130.8,217,148.5
16.66,130.8,217,148.5
16.67,130.8,217,148.5
16.68,130.8,217,148.5
16.69,130.8,217,148.5
16.7,130.8,217,148.5
16.71,130.8,217,148.5
16.72,130.8,217,148.5
16.73,130.8,217,148.5
16.74,130.8,217,148.5
16.75,130.8,217,148.5
16.76,130.8,217,148.5
16.77,130.8,217,148.5
16.78,130.8,217,148.5
16.79,130.8,217,148.5
16.8,130.8,217,148.5
16.81,130.8,217,148.5
16.82,130.8,217,148.5
16.83,130.8,217,148.5
16.84,130.8,217,148.5
16.85,130.8,217,148.5
16.86,130.8,217,148.5
16.87,130.8,217,148.5
16.88,130.8,217,148.5
16.89,130.8,217,148.5
16.9,130.8,217,148.5
16.91,130.8,217,148.5
16.92,130.8,217,148.5
16.93,130.8,217,148.5
16.94,130.8,217,148.5
16.95,130.8,217,148.5
16.96,130.8,217,148.5
16.97,130.8,217,148.5
16.98,130.8,217,148.5
16.99,130.8,217,148.5
17,130.8,217,148.5
17.01,130.8,217,148.5
17.02,130.8,217,148.5
17.03,130.8,217,148.5
17.04,130.8,217,148.5
17.05,130.8,217,148.5
17.06,130.8,217,148.5
17.07,130.8,217,148.5
17.08,130.8,217,148.5
17.09,130.8,217,148.5
17.1,130.8,217,148.5
17.11,130.8,217,148.5
17.12,130.8,217,148.5
17.13,130.8,217,148.5
17.14,130.8,217,148.5
17.15,130.8,217,148.5
17.16,130.8,217,148.5
17.17,130.8,217,148.5
17.18,130.8,217,148.5
17.19,130.8,217,148.5
17.2,130.8,217,148.5
17.21,130.8,217,148.5
17.22,130.8,217,148.5
17.23,130.8,217,148.5
17.24,130.8,217,148.5
17.25,130.8,217,148.5
17.26,130.8,217,148.5
17.27,130.8,217,148.5
17.28,130.8,217,148.5
17.29,130.8,217,148.5
17.3,130.8,217,148.5
17.31,130.8,217,148.5
17.32,130.8,217,148.5
17.33,130.8,217,148.5
17.34,130.8,217,148.5
17.35,130.8,217,148.5
17.36,130.8,217,148.5
17.37,130.8,217,148.5
17.38,130.8,217,148.5
17.39,130.8,217,148.5
17.4,130.8,217,148.5
17.41,130.8,217,148.5
17.42,130.8,217,148.5
17.43,130.8,217,148.5
17.44,130.8,217,148.5
17.45,130.8,217,148.5
17.46,130.8,217,148.5
17.47,130.8,217,148.5
17.48,130.8,217,148.5
17.49,130.8,217,148.5
17.5,130.8,217,148.5
17.51,130.8,217,148.5
17.52,130.8,217,148.5
17.53,130.8,217,148.5
17.54,130.8,217,148.5
17.55,130.8,217,148.5
17.56,130.8,217,148.5
17.57,130.8,217,148.5
17.58,130.8,217,148.5
17.59,130.8,217,148.5
17.6,130.8,217,148.5
17.61,130.8,217,148.5
17.62,130.8,217,148.5
17.63,130.8,217,148.5
17.64,130.8,217,148.5
17.65,130.8,217,148.5
17.66,130.8,217,148.5
17.67,130.8,217,148.5
17.68,130.8,217,148.5
17.69,130.8,217,148.5
17.7,130.8,217,148.5
17.71,130.8,217,148.5
17.72,130.8,217,148.5
17.73,130.8,217,148.5
17.74,130.8,217,148.5
17.75,130.8,217,148.5
17.76,130.8,217,148.5
17.77,130.8,217,148.5
17.78,130.8,217,148.5
17.79,130.8,217,148.5
17.8,130.8,217,148.5
17.81,130.8,217,148.5
17.82,130.8,217,148.5
17.83,130.8,217,148.5
17.84,130.8,217,148.5
17.85,130.8,217,148.5
17.86,130.8,217,148.5
17.87,130.8,217,148.5
17.88,130.8,217,148.5
17.89,130.8,217,148.5
17.9,130.8,217,148.5
17.91,130.8,217,148.5
17.92,130.8,217,148.5
17.93,130.8,217,148.5
17.94,130.8,217,148.5
17.95,130.8,217,148.5
17.96,130.8,217,148.5
17.97,130.8,217,148.5
17.98,130.8,217,148.5
17.99,130.8,217,148.5
18,130.8,217,148.5
18.01,130.8,217,148.5
18.02,130.8,217,148.5
18.03,130.8,217,148.5
18.04,130.8,217,148.5
18.05,130.8,217,148.5
18.06,130.8,217,148.5
18.07,130.8,217,148.5
18.08,130.8,217,148.5
18.09,130.8,217,148.5
18.1,130.8,217,148.5
18.11,130.8,217,148.5
18.12,130.8,217,148.5
18.13,130.8,217,148.5
18.14,130.8,217,148.5
18.15,130.8,217,148.5
18.16,130.8,217,148.5
18.17,130.8,217,148.5
18.18,130.8,217,148.5
18.19,130.8,217,148.5
18.2,130.8,217,148.5
18.21,130.8,217,148.5
18.22,130.8,217,148.5
18.23,130.8,217,148.5
18.24,130.8,217,148.5
18.25,130.8,217,148.5
18.26,130.8,217,148.5
18.27,130.8,217,148.5
18.28,130.8,217,148.5
18.29,130.8,217,148.5
18.3,130.8,217,148.5
18.31,130.8,217,148.5
18.32,130.8,217,148.5
18.33,130.8,217,148.5
18.34,130.8,217,148.5
18.35,130.8,217,148.5
18.36,130.8,217,148.5
18.37,130.8,217,148.5
18.38,130.8,217,148.5
18.39,130.8,217,148.5
18.4,130.8,217,148.5
18.41,130.8,217,148.5
18.42,130.8,217,148.5
18.43,130.8,217,148.5
18.44,130.8,217,148.5
18.45,130.8,217,148.5
18.46,130.8,217,148.5
18.47,130.8,217,148.5
18.48,130.8,217,148.5
18.49,130.8,217,148.5
18.5,130.8,217,148.5
18.51,130.8,217,148.5
18.52,130.8,217,148.5
18.53,130.8,217,148.5
18.54,130.8,217,148.5
18.55,130.8,217,148.5
18.56,130.8,217,148.5
18.57,130.8,217,148.5
18.58,130.8,217,148.5
18.59,130.8,217,148.5
18.6,130.8,216.9,148.5
18.61,130.8,216.9,148.5
18.62,130.8,216.9,148.5
18.63,130.8,216.9,148.5
18.64,130.8,216.9,148.5
18.65,130.8,216.9,148.5
18.66,130.8,216.9,148.5
18.67,130.8,216.9,148.5
18.68,130.8,217,148.5
18.69,130.8,217,148.5
18.7,130.8,217,148.5
18.71,130.8,217,148.5
18.72,130.8,217,148.5
18.73,130.8,217,148.5
18.74,130.8,217,148.5
18.75,130.8,217,148.5
18.76,130.8,217,148.5
18.77,130.8,217,148.5
18.78,130.8,217,148.5
18.79,130.8,217,148.5
18.8,130.8,217,148.5
18.81,130.8,217,148.5
18.82,130.8,217,148.5
18.83,130.8,217,148.5
18.84,130.8,217,148.5
18.85,130.8,217,148.5
18.86,130.8,217,148.5
18.87,130.8,217,148.5
18.88,130.8,217,148.5
18.89,130.8,217,148.5
18.9,130.8,217,148.5
18.91,130.8,217,148.5
18.92,130.8,217,148.5
18.93,130.8,217,148.5
18.94,130.8,217,148.5
18.95,130.8,217,148.5
18.96,130.8,217,148.5
18.97,130.8,217,148.5
18.98,130.8,217,148.5
18.99,130.8,217,148.5
19,130.8,217,148.5
19.01,130.8,217,148.5
19.02,130.8,217,148.5
19.03,130.8,217,148.5
19.04,130.8,217,148.5
19.05,130.8,217,148.5
19.06,130.8,217,148.5
19.07,130.8,217,148.5
19.08,130.8,217,148.5
19.09,130.8,217,148.5
19.1,130.8,217,148.5
19.11,130.8,217,148.5
19.12,130.8,217,148.5
19.13,130.8,217,148.5
19.14,130.8,217,148.5
19.15,130.8,217,148.5
19.16,130.8,217,148.5
19.17,130.8,217,148.5
19.18,130.8,217,148.5
19.19,130.8,217,148.5
19.2,130.8,217,148.5
19.21,130.8,217,148.5
19.22,130.8,217,148.5
19.23,130.8,217,148.5
19.24,130.8,217,148.5
19.25,130.8,217,148.5
19.26,130.8,217,148.5
19.27,130.8,217,148.5
19.28,130.8,217,148.5
19.29,130.8,217,148.5
19.3,130.8,217,148.5
19.31,130.8,217,148.5
19.32,130.8,217,148.5
19.33,130.8,217,148.5
19.34,130.8,217,148.5
19.35,130.8,217,148.5
19.36,130.8,217,148.5
19.37,130.8,217,148.5
19.38,130.8,217,148.5
19.39,130.8,217,148.5
19.4,130.8,217,148.5
19.41,130.8,217,148.5
19.42,130.8,217,148.5
19.43,130.8,217,148.5
19.44,130.8,217,148.5
19.45,130.8,217,148.5
19.46,130.8,217,148.5
19.47,130.8,217,148.5
19.48,130.8,217,148.5
19.49,130.8,217,148.5
19.5,130.8,217,148.5
19.51,130.8,217,148.5
19.52,130.8,217,148.5
19.53,130.8,217,148.5
19.54,130.8,217,148.5
19.55,130.8,217,148.5
19.56,130.8,217,148.5
19.57,130.8,217,148.5
19.58,130.8,217,148.5
19.59,130.8,217,148.5
19.6,130.8,217,148.5
19.61,130.8,217,148.5
19.62,130.8,217,148.5
19.63,130.8,217,148.5
19.64,130.8,217,148.5
19.65,130.8,217,148.5
19.66,130.8,217,148.5
19.67,130.8,217,148.5
19.68,130.8,217,148.5
19.69,130.8,217,148.5
19.7,130.8,217,148.5
19.71,130.8,217,148.5
19.72,130.8,217,148.5
19.73,130.8,217,148.5
19.74,130.8,217,148.5
19.75,130.8,217,148.5
19.76,130.8,217,148.5
19.77,130.8,217,148.5
19.78,130.8,217,148.5
19.79,130.8,217,148.5
19.8,130.8,217,148.5
19.81,130.8,217,148.5
19.82,130.8,217,148.5
19.83,130.8,217,148.5
19.84,130.8,217,148.5
19.85,130.8,217,148.5
19.86,130.8,217,148.5
19.87,130.8,217,148.5
19.88,130.8,217,148.5
19.89,130.8,217,148.5
19.9,130.8,217,148.5
19.91,130.8,217,148.5
19.92,130.8,217,148.5
19.93,130.8,217,148.5
19.94,130.8,217,148.5
19.95,130.8,217,148.5
19.96,130.8,217,148.5
19.97,130.8,217,148.5
19.98,130.8,217,148.5
19.99,130.8,217,148.5
20,130.8,217,148.5
