TIME,GEN1,GEN2,GEN3
-0.01,0,0,0
-0.005,0,0,0
0,0,0,0
0.005,0,0,0
0.01,0,0,0
0.015,0,0,0
0.02,0,0,0
0.025,0,0,0
0.03,0,0,0
0.035,0,0,0
0.04,0,0,0
0.045,0,0,0
0.05,0,0,0
0.055,0,0,0
0.06,0,0,0
0.065,0,0,0
0.07,0,0,0
0.075,0,0,0
0.08,0,0,0
0.085,0,0,0
0.09,0,0,0
0.095,0,0,0
0.1,0,0,0
0.105,0,0,0
0.11,0,0,0
0.115,0,0,0
0.12,0,0,0
0.125,0,0,0
0.13,0,0,0
0.135,0,0,0
0.14,0,0,0
0.145,0,0,0
0.15,0,0,0
0.155,0,0,0
0.16,0,0,0
0.165,0,0,0
0.17,0,0,0
0.175,0,0,0
0.18,0,0,0
0.185,0,0,0
0.19,0,0,0
0.195,0,0,0
0.2,0,0,0
0.205,0,0,0
0.21,0,0,0
0.215,0,0,0
0.22,0,0,0
0.225,0,0,0
0.23,0,0,0
0.235,0,0,0
0.24,0,0,0
0.245,0,0,0
0.25,0,0,0
0.255,0,0,0
0.26,0,0,0
0.265,0,0,0
0.27,0,0,0
0.275,0,0,0
0.28,0,0,0
0.285,0,0,0
0.29,0,0,0
0.295,0,0,0
0.3,0,0,0
0.305,0,0,0
0.31,0,0,0
0.315,0,0,0
0.32,0,0,0
0.325,0,0,0
0.33,0,0,0
0.335,0,0,0
0.34,0,0,0
0.345,0,0,0
0.35,0,0,0
0.355,0,0,0
0.36,0,0,0
0.365,0,0,0
0.37,0,0,0
0.375,0,0,0
0.38,0,0,0
0.385,0,0,0
0.39,0,0,0
0.395,0,0,0
0.4,0,0,0
0.405,0,0,0
0.41,0,0,0
0.415,0,0,0
0.42,0,0,0
0.425,0,0,0
0.43,0,0,0
0.435,0,0,0
0.44,0,0,0
0.445,0,0,0
0.45,0,0,0
0.455,0,0,0
0.46,0,0,0
0.465,0,0,0
0.47,0,0,0
0.475,0,0,0
0.48,0,0,0
0.485,0,0,0
0.49,0,0,0
0.495,0,0,0
0.5,0,0,0
0.5,0,0,0
0.505,0,0,0
0.51,0,0,0
0.515,0,0,0
0.52,-0.001,0.001,0
0.525,-0.001,0.001,0
0.53,-0.001,0.001,0
0.535,-0.001,0.001,0
0.54,-0.001,0.001,0
0.545,-0.001,0.001,0
0.55,-0.001,0.001,0.001
0.555,-0.001,0.002,0.001
0.56,-0.002,0.002,0.001
0.565,-0.002,0.002,0.001
0.57,-0.002,0.002,0.001
0.575,-0.002,0.002,0.001
0.58,-0.002,0.002,0.001
0.585,-0.002,0.002,0.001
0.59,-0.002,0.002,0.001
0.595,-0.002,0.003,0.001
0.6,-0.002,0.003,0.001
0.605,-0.002,0.003,0.001
0.61,-0.002,0.003,0.001
0.615,-0.002,0.003,0.001
0.62,-0.003,0.003,0.001
0.625,-0.003,0.003,0.001
0.63,-0.003,0.003,0.001
0.635,-0.003,0.003,0.001
0.64,-0.003,0.003,0.001
0.645,-0.003,0.003,0.001
0.65,-0.003,0.004,0.001
0.655,-0.003,0.004,0.001
0.66,-0.003,0.004,0.001
0.665,-0.003,0.004,0.001
0.67,-0.003,0.004,0.001
0.675,-0.003,0.004,0.001
0.68,-0.003,0.004,0.002
0.685,-0.003,0.004,0.002
0.69,-0.003,0.004,0.002
0.695,-0.003,0.004,0.002
0.7,-0.003,0.004,0.002
0.705,-0.003,0.004,0.002
0.71,-0.003,0.004,0.002
0.715,-0.003,0.004,0.002
0.72,-0.002,0.004,0.002
0.725,-0.002,0.004,0.002
0.73,-0.002,0.004,0.002
0.735,-0.002,0.004,0.002
0.74,-0.002,0.004,0.002
0.745,-0.002,0.004,0.002
0.75,-0.002,0.004,0.002
0.755,-0.002,0.004,0.002
0.76,-0.002,0.004,0.002
0.765,-0.002,0.004,0.002
0.77,-0.002,0.004,0.002
0.775,-0.002,0.004,0.002
0.78,-0.001,0.004,0.002
0.785,-0.001,0.004,0.002
0.79,-0.001,0.004,0.002
0.795,-0.001,0.004,0.002
0.8,-0.001,0.004,0.002
0.805,-0.001,0.004,0.002
0.81,-0.001,0.004,0.002
0.815,-0.001,0.004,0.002
0.82,0,0.004,0.002
0.825,0,0.004,0.002
0.83,0,0.004,0.002
0.835,0,0.004,0.002
0.84,0,0.004,0.002
0.845,0,0.004,0.002
0.85,0,0.004,0.002
0.855,0.001,0.004,0.002
0.86,0.001,0.004,0.002
0.865,0.001,0.003,0.002
0.87,0.001,0.003,0.002
0.875,0.001,0.003,0.002
0.88,0.001,0.003,0.002
0.885,0.001,0.003,0.002
0.89,0.002,0.003,0.002
0.895,0.002,0.003,0.002
0.9,0.002,0.003,0.002
0.905,0.002,0.003,0.002
0.91,0.002,0.003,0.002
0.915,0.002,0.003,0.002
0.92,0.002,0.003,0.002
0.925,0.003,0.003,0.002
0.93,0.003,0.003,0.002
0.935,0.003,0.003,0.002
0.94,0.003,0.003,0.002
0.945,0.003,0.002,0.002
0.95,0.003,0.002,0.002
0.955,0.003,0.002,0.003
0.96,0.004,0.002,0.003
0.965,0.004,0.002,0.003
0.97,0.004,0.002,0.003
0.975,0.004,0.002,0.003
0.98,0.004,0.002,0.003
0.985,0.004,0.002,0.003
0.99,0.004,0.002,0.003
0.995,0.004,0.002,0.003
1,0.004,0.002,0.003
1.005,0.005,0.002,0.003
1.01,0.005,0.002,0.003
1.015,0.005,0.002,0.003
1.02,0.005,0.002,0.003
1.025,0.005,0.002,0.003
1.03,0.005,0.002,0.003
1.035,0.005,0.002,0.003
1.04,0.005,0.002,0.003
1.045,0.005,0.001,0.003
1.05,0.005,0.001,0.003
1.055,0.005,0.001,0.003
1.06,0.005,0.001,0.003
1.065,0.005,0.001,0.003
1.07,0.006,0.001,0.003
1.075,0.006,0.001,0.003
1.08,0.006,0.001,0.003
1.085,0.006,0.001,0.003
1.09,0.006,0.001,0.003
1.095,0.006,0.001,0.003
1.1,0.006,0.001,0.003
1.105,0.006,0.001,0.003
1.11,0.006,0.001,0.003
1.115,0.006,0.001,0.003
1.12,0.006,0.001,0.003
1.125,0.006,0.001,0.003
1.13,0.006,0.001,0.003
1.135,0.006,0.001,0.003
1.14,0.006,0.001,0.003
1.145,0.006,0.001,0.003
1.15,0.006,0.001,0.003
1.155,0.006,0.001,0.003
1.16,0.006,0.001,0.003
1.165,0.006,0.001,0.003
1.17,0.006,0.001,0.003
1.175,0.006,0.001,0.003
1.18,0.006,0.001,0.003
1.185,0.005,0.001,0.003
1.19,0.005,0.002,0.003
1.195,0.005,0.002,0.003
1.2,0.005,0.002,0.003
1.205,0.005,0.002,0.003
1.21,0.005,0.002,0.003
1.215,0.005,0.002,0.003
1.22,0.005,0.002,0.003
1.225,0.005,0.002,0.003
1.23,0.005,0.002,0.003
1.235,0.005,0.002,0.003
1.24,0.005,0.002,0.003
1.245,0.005,0.002,0.003
1.25,0.005,0.002,0.003
1.255,0.005,0.002,0.003
1.26,0.004,0.002,0.003
1.265,0.004,0.002,0.003
1.27,0.004,0.002,0.003
1.275,0.004,0.002,0.003
1.28,0.004,0.002,0.003
1.285,0.004,0.003,0.003
1.29,0.004,0.003,0.003
1.295,0.004,0.003,0.003
1.3,0.004,0.003,0.003
1.305,0.004,0.003,0.003
1.31,0.004,0.003,0.003
1.315,0.003,0.003,0.003
1.32,0.003,0.003,0.003
1.325,0.003,0.003,0.003
1.33,0.003,0.003,0.003
1.335,0.003,0.003,0.003
1.34,0.003,0.003,0.003
1.345,0.003,0.003,0.003
1.35,0.003,0.003,0.003
1.355,0.003,0.003,0.003
1.36,0.003,0.003,0.003
1.365,0.003,0.003,0.003
1.37,0.003,0.004,0.003
1.375,0.002,0.004,0.003
1.38,0.002,0.004,0.003
1.385,0.002,0.004,0.003
1.39,0.002,0.004,0.003
1.395,0.002,0.004,0.003
1.4,0.002,0.004,0.003
1.405,0.002,0.004,0.003
1.41,0.002,0.004,0.003
1.415,0.002,0.004,0.003
1.42,0.002,0.004,0.003
1.425,0.002,0.004,0.003
1.43,0.002,0.004,0.003
1.435,0.002,0.004,0.003
1.44,0.002,0.004,0.003
1.445,0.002,0.004,0.003
1.45,0.001,0.004,0.003
1.455,0.001,0.004,0.003
1.46,0.001,0.004,0.003
1.465,0.001,0.004,0.003
1.47,0.001,0.004,0.003
1.475,0.001,0.004,0.003
1.48,0.001,0.004,0.003
1.485,0.001,0.004,0.003
1.49,0.001,0.004,0.003
1.495,0.001,0.004,0.003
1.5,0.001,0.005,0.003
1.505,0.001,0.005,0.003
1.51,0.001,0.005,0.003
1.515,0.001,0.005,0.003
1.52,0.001,0.005,0.003
1.525,0.001,0.005,0.003
1.53,0.001,0.005,0.003
1.535,0.001,0.005,0.003
1.54,0.001,0.005,0.003
1.545,0.001,0.005,0.003
1.55,0.001,0.005,0.003
1.555,0.001,0.004,0.003
1.56,0.001,0.004,0.003
1.565,0.001,0.004,0.003
1.57,0.001,0.004,0.003
1.575,0.001,0.004,0.003
1.58,0.001,0.004,0.003
1.585,0.001,0.004,0.003
1.59,0.001,0.004,0.003
1.595,0.001,0.004,0.003
1.6,0.001,0.004,0.003
1.605,0.001,0.004,0.003
1.61,0.001,0.004,0.003
1.615,0.001,0.004,0.003
1.62,0.001,0.004,0.003
1.625,0.001,0.004,0.003
1.63,0.002,0.004,0.003
1.635,0.002,0.004,0.003
1.64,0.002,0.004,0.003
1.645,0.002,0.004,0.003
1.65,0.002,0.004,0.003
1.655,0.002,0.004,0.003
1.66,0.002,0.004,0.003
1.665,0.002,0.004,0.003
1.67,0.002,0.004,0.003
1.675,0.002,0.004,0.003
1.68,0.002,0.004,0.003
1.685,0.002,0.004,0.003
1.69,0.002,0.004,0.003
1.695,0.002,0.003,0.003
1.7,0.002,0.003,0.003
1.705,0.002,0.003,0.003
1.71,0.002,0.003,0.003
1.715,0.002,0.003,0.003
1.72,0.002,0.003,0.003
1.725,0.002,0.003,0.003
1.73,0.003,0.003,0.003
1.735,0.003,0.003,0.003
1.74,0.003,0.003,0.003
1.745,0.003,0.003,0.003
1.75,0.003,0.003,0.003
1.755,0.003,0.003,0.003
1.76,0.003,0.003,0.003
1.765,0.003,0.003,0.003
1.77,0.003,0.003,0.003
1.775,0.003,0.003,0.003
1.78,0.003,0.003,0.003
1.785,0.003,0.002,0.003
1.79,0.003,0.002,0.003
1.795,0.003,0.002,0.003
1.8,0.003,0.002,0.003
1.805,0.003,0.002,0.003
1.81,0.003,0.002,0.003
1.815,0.003,0.002,0.003
1.82,0.003,0.002,0.003
1.825,0.003,0.002,0.003
1.83,0.004,0.002,0.003
1.835,0.004,0.002,0.003
1.84,0.004,0.002,0.003
1.845,0.004,0.002,0.003
1.85,0.004,0.002,0.003
1.855,0.004,0.002,0.003
1.86,0.004,0.002,0.003
1.865,0.004,0.002,0.003
1.87,0.004,0.002,0.003
1.875,0.004,0.002,0.003
1.88,0.004,0.002,0.002
1.885,0.004,0.002,0.002
1.89,0.004,0.002,0.002
1.895,0.004,0.002,0.002
1.9,0.004,0.001,0.002
1.905,0.004,0.001,0.002
1.91,0.004,0.001,0.002
1.915,0.004,0.001,0.002
1.92,0.004,0.001,0.002
1.925,0.004,0.001,0.002
1.93,0.004,0.001,0.002
1.935,0.004,0.001,0.002
1.94,0.004,0.001,0.002
1.945,0.004,0.001,0.002
1.95,0.004,0.001,0.002
1.955,0.004,0.001,0.002
1.96,0.004,0.001,0.002
1.965,0.004,0.001,0.002
1.97,0.004,0.001,0.002
1.975,0.004,0.001,0.002
1.98,0.004,0.001,0.002
1.985,0.004,0.001,0.002
1.99,0.004,0.001,0.002
1.995,0.004,0.001,0.002
2,0.004,0.001,0.002
2.005,0.004,0.001,0.002
2.01,0.003,0.001,0.002
2.015,0.003,0.001,0.002
2.02,0.003,0.001,0.002
2.025,0.003,0.001,0.002
2.03,0.003,0.001,0.002
2.035,0.003,0.001,0.002
2.04,0.003,0.001,0.002
2.045,0.003,0.001,0.002
2.05,0.003,0.001,0.002
2.055,0.003,0.001,0.002
2.06,0.003,0.001,0.002
2.065,0.003,0.001,0.002
2.07,0.003,0.001,0.002
2.075,0.003,0.001,0.002
2.08,0.003,0.001,0.002
2.085,0.003,0.001,0.002
2.09,0.003,0.001,0.002
2.095,0.003,0.001,0.002
2.1,0.003,0.001,0.002
2.105,0.002,0.001,0.002
2.11,0.002,0.001,0.002
2.115,0.002,0.001,0.002
2.12,0.002,0.001,0.002
2.125,0.002,0.001,0.002
2.13,0.002,0.001,0.002
2.135,0.002,0.001,0.002
2.14,0.002,0.001,0.002
2.145,0.002,0.001,0.002
2.15,0.002,0.001,0.002
2.155,0.002,0.001,0.002
2.16,0.002,0.001,0.002
2.165,0.002,0.002,0.002
2.17,0.002,0.002,0.002
2.175,0.002,0.002,0.002
2.18,0.002,0.002,0.002
2.185,0.001,0.002,0.002
2.19,0.001,0.002,0.002
2.195,0.001,0.002,0.001
2.2,0.001,0.002,0.001
2.205,0.001,0.002,0.001
2.21,0.001,0.002,0.001
2.215,0.001,0.002,0.001
2.22,0.001,0.002,0.001
2.225,0.001,0.002,0.001
2.23,0.001,0.002,0.001
2.235,0.001,0.002,0.001
2.24,0.001,0.002,0.001
2.245,0.001,0.002,0.001
2.25,0.001,0.002,0.001
2.255,0.001,0.002,0.001
2.26,0.001,0.002,0.001
2.265,0.001,0.002,0.001
2.27,0.001,0.002,0.001
2.275,0.001,0.002,0.001
2.28,0.001,0.002,0.001
2.285,0,0.002,0.001
2.29,0,0.002,0.001
2.295,0,0.002,0.001
2.3,0,0.002,0.001
2.305,0,0.002,0.001
2.31,0,0.002,0.001
2.315,0,0.002,0.001
2.32,0,0.002,0.001
2.325,0,0.002,0.001
2.33,0,0.002,0.001
2.335,0,0.002,0.001
2.34,0,0.002,0.001
2.345,0,0.002,0.001
2.35,0,0.002,0.001
2.355,0,0.002,0.001
2.36,0,0.002,0.001
2.365,0,0.002,0.001
2.37,0,0.002,0.001
2.375,0,0.002,0.001
2.38,0,0.002,0.001
2.385,0,0.002,0.001
2.39,0,0.002,0.001
2.395,0,0.002,0.001
2.4,0,0.002,0.001
2.405,0,0.002,0.001
2.41,0,0.002,0.001
2.415,0,0.002,0.001
2.42,0,0.002,0.001
2.425,0,0.002,0.001
2.43,0,0.002,0.001
2.435,0,0.001,0.001
2.44,0,0.001,0.001
2.445,0,0.001,0.001
2.45,0,0.001,0.001
2.455,0,0.001,0.001
2.46,0,0.001,0.001
2.465,0,0.001,0.001
2.47,0,0.001,0.001
2.475,0,0.001,0.001
2.48,0,0.001,0.001
2.485,0,0.001,0.001
2.49,0,0.001,0.001
2.495,0,0.001,0.001
2.5,0,0.001,0.001
2.505,0,0.001,0.001
2.51,0,0.001,0.001
2.515,0,0.001,0.001
2.52,0,0.001,0.001
2.525,0,0.001,0.001
2.53,0,0.001,0.001
2.535,0,0.001,0.001
2.54,0,0.001,0.001
2.545,0,0.001,0.001
2.55,0.001,0.001,0.001
2.555,0.001,0.001,0.001
2.56,0.001,0.001,0.001
2.565,0.001,0.001,0.001
2.57,0.001,0.001,0.001
2.575,0.001,0.001,0.001
2.58,0.001,0.001,0.001
2.585,0.001,0.001,0.001
2.59,0.001,0.001,0.001
2.595,0.001,0.001,0.001
2.6,0.001,0,0.001
2.605,0.001,0,0.001
2.61,0.001,0,0
2.615,0.001,0,0
2.62,0.001,0,0
2.625,0.001,0,0
2.63,0.001,0,0
2.635,0.001,0,0
2.64,0.001,0,0
2.645,0.001,0,0
2.65,0.001,0,0
2.655,0.001,0,0
2.66,0.001,0,0
2.665,0.001,0,0
2.67,0.001,0,0
2.675,0.001,0,0
2.68,0.001,0,0
2.685,0.001,0,0
2.69,0.001,0,0
2.695,0.001,0,0
2.7,0.001,0,0
2.705,0.001,0,0
2.71,0.001,0,0
2.715,0.001,0,0
2.72,0.001,0,0
2.725,0.001,0,0
2.73,0.001,0,0
2.735,0.001,0,0
2.74,0.001,0,0
2.745,0.001,0,0
2.75,0.001,0,0
2.755,0.001,0,0
2.76,0.001,0,0
2.765,0.001,0,0
2.77,0.001,0,0
2.775,0.001,0,0
2.78,0.001,0,0
2.785,0.001,0,0
2.79,0.001,0,0
2.795,0.001,0,0
2.8,0.001,0,0
2.805,0.001,0,0
2.81,0.001,0,0
2.815,0.001,0,0
2.82,0.001,0,0
2.825,0.001,0,0
2.83,0.001,0,0
2.835,0.001,0,0
2.84,0.001,0,0
2.845,0.001,0,0
2.85,0.001,0,0
2.855,0.001,0,0
2.86,0.001,0,0
2.865,0.001,0,0
2.87,0.001,0,0
2.875,0.001,0,0
2.88,0.001,0,0
2.885,0.001,0,0
2.89,0.001,0,0
2.895,0.001,0,0
2.9,0.001,0,0
2.905,0.001,0,0
2.91,0.001,0,0
2.915,0.001,0,0
2.92,0.001,0,0
2.925,0.001,0,0
2.93,0.001,0,0
2.935,0.001,0,0
2.94,0,0,0
2.945,0,0,0
2.95,0,0,0
2.955,0,0,0
2.96,0,0,0
2.965,0,0,0
2.97,0,0,0
2.975,0,0,0
2.98,0,0,0
2.985,0,0,0
2.99,0,0,0
2.995,0,0,0
3,0,0,0
3.005,0,0,0
3.01,0,0,0
3.015,0,0,0
3.02,0,0,0
3.025,0,0,0
3.03,0,0,0
3.035,0,0,0
3.04,0,0,0
3.045,0,0,0
3.05,0,0,0
3.055,0,0,0
3.06,0,0,0
3.065,0,0,0
3.07,0,0,0
3.075,0,0,0
3.08,0,0,0
3.085,0,0,0
3.09,0,0,0
3.095,0,0,0
3.1,0,0,0
3.105,0,0,0
3.11,0,0,0
3.115,0,0,0
3.12,0,0,0
3.125,0,0,0
3.13,0,0,0
3.135,0,0,0
3.14,0,0,0
3.145,0,0,0
3.15,0,0,0
3.155,0,0,0
3.16,0,0,0
3.165,0,0,0
3.17,0,0,0
3.175,0,0,0
3.18,0,0.001,0
3.185,0,0.001,0
3.19,0,0.001,0
3.195,0,0.001,0
3.2,0,0.001,0
3.205,0,0.001,0
3.21,0,0.001,0
3.215,0,0.001,0
3.22,0,0.001,0
3.225,0,0.001,0
3.23,0,0.001,0
3.235,0,0.001,0
3.24,0,0.001,0
3.245,0,0.001,0
3.25,0,0.001,0
3.255,0,0.001,0
3.26,0,0.001,0
3.265,0,0.001,0
3.27,0,0.001,0
3.275,0,0.001,0
3.28,0,0.001,0
3.285,0,0.001,0
3.29,0,0.001,0
3.295,0,0.001,0
3.3,0,0.001,0
3.305,0,0.001,0
3.31,0,0,0
3.315,0,0,0
3.32,0,0,0
3.325,0,0,0
3.33,0,0,0
3.335,0,0,0
3.34,0,0,0
3.345,0,0,0
3.35,0,0,0
3.355,0,0,0
3.36,0,0,0
3.365,0,0,0
3.37,0,0,0
3.375,0,0,0
3.38,0,0,0
3.385,0,0,0
3.39,0,0,0
3.395,0,0,0
3.4,0,0,0
3.405,0,0,0
3.41,0,0,0
3.415,0,0,0
3.42,0,0,0
3.425,0,0,0
3.43,0,0,0
3.435,0,0,0
3.44,0,0,0
3.445,0,0,0
3.45,0,0,0
3.455,0.001,0,0
3.46,0.001,0,0
3.465,0.001,0,0
3.47,0.001,0,0
3.475,0.001,0,0
3.48,0.001,0,0
3.485,0.001,0,0
3.49,0.001,0,0
3.495,0.001,0,0
3.5,0.001,0,0
3.505,0.001,0,0
3.51,0.001,0,0
3.515,0.001,0,0
3.52,0.001,0,0.001
3.525,0.001,0,0.001
3.53,0.001,0,0.001
3.535,0.001,0,0.001
3.54,0.001,0,0.001
3.545,0.001,0,0.001
3.55,0.001,0,0.001
3.555,0.001,0,0.001
3.56,0.001,0,0.001
3.565,0.001,0,0.001
3.57,0.001,0,0.001
3.575,0.001,0,0.001
3.58,0.001,0,0.001
3.585,0.001,0,0.001
3.59,0.001,0,0.001
3.595,0.001,0,0.001
3.6,0.001,0,0.001
3.605,0.001,0,0.001
3.61,0.001,0,0.001
3.615,0.001,0,0.001
3.62,0.001,0,0.001
3.625,0.001,0,0.001
3.63,0.001,0,0.001
3.635,0.001,0,0.001
3.64,0.001,0,0.001
3.645,0.001,0,0.001
3.65,0.001,0,0.001
3.655,0.001,0,0.001
3.66,0.001,0,0.001
3.665,0.001,0,0.001
3.67,0.001,0,0.001
3.675,0.001,0,0.001
3.68,0.001,0,0.001
3.685,0.001,0.001,0.001
3.69,0.001,0.001,0.001
3.695,0.001,0.001,0.001
3.7,0.001,0.001,0.001
3.705,0.001,0.001,0.001
3.71,0.001,0.001,0.001
3.715,0.001,0.001,0.001
3.72,0.001,0.001,0.001
3.725,0.001,0.001,0.001
3.73,0.001,0.001,0.001
3.735,0.001,0.001,0.001
3.74,0.001,0.001,0.001
3.745,0.001,0.001,0.001
3.75,0.001,0.001,0.001
3.755,0.001,0.001,0.001
3.76,0.001,0.001,0.001
3.765,0.001,0.001,0.001
3.77,0.001,0.001,0.001
3.775,0.001,0.001,0.001
3.78,0.001,0.001,0.001
3.785,0.001,0.001,0.001
3.79,0.001,0.001,0.001
3.795,0.001,0.001,0.001
3.8,0.001,0.001,0.001
3.805,0.001,0.001,0.001
3.81,0.001,0.001,0.001
3.815,0.001,0.001,0.001
3.82,0.001,0.001,0.001
3.825,0.001,0.001,0.001
3.83,0.001,0.001,0.001
3.835,0.001,0.001,0.001
3.84,0.001,0.001,0.001
3.845,0.001,0.001,0.001
3.85,0.001,0.001,0.001
3.855,0.001,0.001,0.001
3.86,0.001,0.001,0.001
3.865,0.001,0.001,0.001
3.87,0.001,0.001,0.001
3.875,0.001,0.001,0.001
3.88,0.001,0.001,0.001
3.885,0.001,0.001,0.001
3.89,0.001,0.001,0.001
3.895,0.001,0.001,0.001
3.9,0.001,0.001,0.001
3.905,0.001,0.001,0.001
3.91,0.001,0.001,0.001
3.915,0.001,0.001,0.001
3.92,0.001,0.001,0.001
3.925,0.001,0.001,0.001
3.93,0.001,0.001,0.001
3.935,0.001,0.001,0.001
3.94,0.001,0.001,0.001
3.945,0.001,0.001,0.001
3.95,0.001,0.001,0.001
3.955,0.001,0.001,0.001
3.96,0.001,0.001,0.001
3.965,0.001,0.001,0.001
3.97,0.001,0.001,0.001
3.975,0.001,0.001,0.001
3.98,0.001,0.001,0.001
3.985,0.001,0.001,0.001
3.99,0.001,0.001,0.001
3.995,0.001,0.001,0.001
4,0.001,0.001,0.001
4.005,0.001,0.001,0.001
4.01,0.001,0.001,0.001
4.015,0.001,0.001,0.001
4.02,0.001,0.001,0.001
4.025,0.001,0.001,0.001
4.03,0.001,0.001,0.001
4.035,0.001,0.001,0.001
4.04,0.001,0.002,0.001
4.045,0.001,0.002,0.001
4.05,0.001,0.002,0.001
4.055,0.001,0.002,0.001
4.06,0.001,0.002,0.001
4.065,0.001,0.002,0.001
4.07,0.001,0.002,0.001
4.075,0.001,0.002,0.001
4.08,0.001,0.002,0.001
4.085,0.001,0.002,0.001
4.09,0.001,0.002,0.001
4.095,0.001,0.002,0.001
4.1,0.001,0.002,0.001
4.105,0.001,0.002,0.001
4.11,0.001,0.002,0.001
4.115,0.001,0.002,0.001
4.12,0.001,0.002,0.001
4.125,0.001,0.002,0.001
4.13,0.001,0.002,0.001
4.135,0.001,0.002,0.001
4.14,0.001,0.002,0.001
4.145,0.001,0.002,0.001
4.15,0.001,0.002,0.001
4.155,0.001,0.002,0.001
4.16,0.001,0.002,0.001
4.165,0.001,0.002,0.001
4.17,0.001,0.002,0.001
4.175,0.001,0.002,0.001
4.18,0.001,0.002,0.001
4.185,0.001,0.002,0.001
4.19,0.001,0.002,0.002
4.195,0.001,0.002,0.002
4.2,0.001,0.002,0.002
4.205,0.001,0.002,0.002
4.21,0.001,0.002,0.002
4.215,0.001,0.002,0.002
4.22,0.001,0.002,0.002
4.225,0.001,0.002,0.002
4.23,0.001,0.002,0.002
4.235,0.001,0.002,0.002
4.24,0.001,0.002,0.002
4.245,0.002,0.002,0.002
4.25,0.002,0.002,0.002
4.255,0.002,0.002,0.002
4.26,0.002,0.002,0.002
4.265,0.002,0.002,0.002
4.27,0.002,0.002,0.002
4.275,0.002,0.002,0.002
4.28,0.002,0.002,0.002
4.285,0.002,0.002,0.002
4.29,0.002,0.002,0.002
4.295,0.002,0.002,0.002
4.3,0.002,0.002,0.002
4.305,0.002,0.002,0.002
4.31,0.002,0.002,0.002
4.315,0.002,0.002,0.002
4.32,0.002,0.002,0.002
4.325,0.002,0.002,0.002
4.33,0.002,0.002,0.002
4.335,0.002,0.002,0.002
4.34,0.002,0.002,0.002
4.345,0.002,0.002,0.002
4.35,0.002,0.002,0.002
4.355,0.002,0.002,0.002
4.36,0.002,0.002,0.002
4.365,0.002,0.002,0.002
4.37,0.002,0.002,0.002
4.375,0.002,0.002,0.002
4.38,0.002,0.002,0.002
4.385,0.002,0.002,0.002
4.39,0.002,0.002,0.002
4.395,0.002,0.002,0.002
4.4,0.002,0.002,0.002
4.405,0.002,0.002,0.002
4.41,0.002,0.002,0.002
4.415,0.002,0.002,0.002
4.42,0.002,0.002,0.002
4.425,0.002,0.002,0.002
4.43,0.002,0.002,0.002
4.435,0.002,0.002,0.002
4.44,0.002,0.002,0.002
4.445,0.002,0.002,0.002
4.45,0.002,0.002,0.002
4.455,0.002,0.002,0.002
4.46,0.002,0.002,0.002
4.465,0.002,0.002,0.002
4.47,0.002,0.002,0.002
4.475,0.002,0.002,0.002
4.48,0.002,0.002,0.002
4.485,0.002,0.002,0.002
4.49,0.002,0.002,0.002
4.495,0.002,0.002,0.002
4.5,0.002,0.002,0.002
4.505,0.002,0.002,0.002
4.51,0.002,0.002,0.002
4.515,0.002,0.002,0.002
4.52,0.002,0.002,0.002
4.525,0.002,0.002,0.002
4.53,0.002,0.002,0.002
4.535,0.002,0.002,0.002
4.54,0.002,0.002,0.002
4.545,0.002,0.002,0.002
4.55,0.002,0.002,0.002
4.555,0.002,0.002,0.002
4.56,0.002,0.002,0.002
4.565,0.002,0.002,0.002
4.57,0.002,0.002,0.002
4.575,0.002,0.002,0.002
4.58,0.002,0.002,0.002
4.585,0.002,0.002,0.002
4.59,0.002,0.002,0.002
4.595,0.002,0.002,0.002
4.6,0.002,0.002,0.002
4.605,0.002,0.002,0.002
4.61,0.002,0.002,0.002
4.615,0.002,0.002,0.002
4.62,0.002,0.002,0.002
4.625,0.002,0.002,0.002
4.63,0.002,0.002,0.002
4.635,0.002,0.002,0.002
4.64,0.002,0.002,0.002
4.645,0.002,0.002,0.002
4.65,0.002,0.002,0.002
4.655,0.002,0.002,0.002
4.66,0.002,0.002,0.002
4.665,0.002,0.002,0.002
4.67,0.002,0.002,0.002
4.675,0.002,0.002,0.002
4.68,0.002,0.002,0.002
4.685,0.002,0.002,0.002
4.69,0.002,0.002,0.002
4.695,0.002,0.002,0.002
4.7,0.002,0.002,0.002
4.705,0.002,0.002,0.002
4.71,0.002,0.002,0.002
4.715,0.002,0.002,0.002
4.72,0.002,0.002,0.002
4.725,0.002,0.002,0.002
4.73,0.002,0.002,0.002
4.735,0.002,0.002,0.002
4.74,0.002,0.002,0.002
4.745,0.002,0.002,0.002
4.75,0.002,0.002,0.002
4.755,0.002,0.002,0.002
4.76,0.002,0.002,0.002
4.765,0.002,0.002,0.002
4.77,0.002,0.002,0.002
4.775,0.002,0.002,0.002
4.78,0.002,0.002,0.002
4.785,0.002,0.002,0.002
4.79,0.002,0.002,0.002
4.795,0.002,0.002,0.002
4.8,0.002,0.002,0.002
4.805,0.002,0.002,0.002
4.81,0.002,0.002,0.002
4.815,0.002,0.002,0.002
4.82,0.002,0.002,0.002
4.825,0.002,0.002,0.002
4.83,0.002,0.002,0.002
4.835,0.002,0.002,0.002
4.84,0.002,0.002,0.002
4.845,0.002,0.002,0.002
4.85,0.002,0.002,0.002
4.855,0.002,0.002,0.002
4.86,0.002,0.002,0.002
4.865,0.002,0.002,0.002
4.87,0.002,0.002,0.002
4.875,0.002,0.002,0.002
4.88,0.002,0.002,0.002
4.885,0.002,0.002,0.002
4.89,0.002,0.002,0.002
4.895,0.002,0.002,0.002
4.9,0.002,0.002,0.002
4.905,0.002,0.002,0.002
4.91,0.002,0.002,0.002
4.915,0.002,0.002,0.002
4.92,0.002,0.002,0.002
4.925,0.002,0.002,0.002
4.93,0.002,0.002,0.002
4.935,0.002,0.002,0.002
4.94,0.002,0.002,0.002
4.945,0.002,0.002,0.002
4.95,0.002,0.002,0.002
4.955,0.002,0.002,0.002
4.96,0.002,0.002,0.002
4.965,0.002,0.002,0.002
4.97,0.002,0.002,0.002
4.975,0.002,0.002,0.002
4.98,0.002,0.002,0.002
4.985,0.002,0.002,0.002
4.99,0.002,0.002,0.002
4.995,0.002,0.002,0.002
5,0.002,0.002,0.002
5.005,0.002,0.002,0.002
5.01,0.002,0.002,0.002
5.015,0.002,0.002,0.002
5.02,0.002,0.002,0.002
5.025,0.002,0.002,0.002
5.03,0.002,0.002,0.002
5.035,0.002,0.002,0.002
5.04,0.002,0.002,0.002
5.045,0.002,0.002,0.002
5.05,0.002,0.002,0.002
5.055,0.002,0.002,0.002
5.06,0.002,0.002,0.002
5.065,0.002,0.002,0.002
5.07,0.002,0.002,0.002
5.075,0.002,0.002,0.002
5.08,0.002,0.002,0.002
5.085,0.002,0.002,0.002
5.09,0.002,0.002,0.002
5.095,0.002,0.002,0.002
5.1,0.002,0.002,0.002
5.105,0.002,0.002,0.002
5.11,0.002,0.002,0.002
5.115,0.002,0.002,0.002
5.12,0.002,0.002,0.002
5.125,0.002,0.002,0.002
5.13,0.002,0.002,0.002
5.135,0.002,0.002,0.002
5.14,0.002,0.002,0.002
5.145,0.002,0.002,0.002
5.15,0.002,0.002,0.002
5.155,0.002,0.002,0.002
5.16,0.002,0.002,0.002
5.165,0.002,0.002,0.002
5.17,0.002,0.002,0.002
5.175,0.002,0.002,0.002
5.18,0.002,0.002,0.002
5.185,0.002,0.002,0.002
5.19,0.002,0.002,0.002
5.195,0.002,0.002,0.002
5.2,0.002,0.002,0.002
5.205,0.002,0.002,0.002
5.21,0.002,0.002,0.002
5.215,0.002,0.002,0.002
5.22,0.002,0.002,0.002
5.225,0.002,0.002,0.002
5.23,0.002,0.002,0.002
5.235,0.002,0.002,0.002
5.24,0.002,0.002,0.002
5.245,0.002,0.002,0.002
5.25,0.002,0.002,0.002
5.255,0.002,0.002,0.002
5.26,0.002,0.002,0.002
5.265,0.002,0.002,0.002
5.27,0.002,0.002,0.002
5.275,0.002,0.002,0.002
5.28,0.002,0.002,0.002
5.285,0.002,0.002,0.002
5.29,0.002,0.002,0.002
5.295,0.002,0.002,0.002
5.3,0.002,0.002,0.002
5.305,0.002,0.002,0.002
5.31,0.002,0.002,0.002
5.315,0.002,0.002,0.002
5.32,0.002,0.002,0.002
5.325,0.002,0.002,0.002
5.33,0.002,0.002,0.002
5.335,0.002,0.002,0.002
5.34,0.002,0.002,0.002
5.345,0.002,0.002,0.002
5.35,0.002,0.002,0.002
5.355,0.002,0.002,0.002
5.36,0.002,0.002,0.002
5.365,0.002,0.002,0.002
5.37,0.002,0.002,0.002
5.375,0.002,0.002,0.002
5.38,0.002,0.002,0.002
5.385,0.002,0.002,0.002
5.39,0.002,0.002,0.002
5.395,0.002,0.002,0.002
5.4,0.002,0.002,0.002
5.405,0.002,0.002,0.002
5.41,0.002,0.002,0.002
5.415,0.002,0.002,0.002
5.42,0.002,0.002,0.002
5.425,0.002,0.002,0.002
5.43,0.002,0.002,0.002
5.435,0.002,0.002,0.002
5.44,0.002,0.002,0.002
5.445,0.002,0.002,0.002
5.45,0.002,0.002,0.002
5.455,0.002,0.002,0.002
5.46,0.002,0.002,0.002
5.465,0.002,0.002,0.002
5.47,0.002,0.002,0.002
5.475,0.002,0.002,0.002
5.48,0.002,0.002,0.002
5.485,0.002,0.002,0.002
5.49,0.002,0.001,0.002
5.495,0.002,0.001,0.002
5.5,0.002,0.001,0.001
5.505,0.002,0.001,0.001
5.51,0.002,0.001,0.001
5.515,0.002,0.001,0.001
5.52,0.001,0.001,0.001
5.525,0.001,0.001,0.001
5.53,0.001,0.001,0.001
5.535,0.001,0.001,0.001
5.54,0.001,0.001,0.001
5.545,0.001,0.001,0.001
5.55,0.001,0.001,0.001
5.555,0.001,0.001,0.001
5.56,0.001,0.001,0.001
5.565,0.001,0.001,0.001
5.57,0.001,0.001,0.001
5.575,0.001,0.001,0.001
5.58,0.001,0.001,0.001
5.585,0.001,0.001,0.001
5.59,0.001,0.001,0.001
5.595,0.001,0.001,0.001
5.6,0.001,0.001,0.001
5.605,0.001,0.001,0.001
5.61,0.001,0.001,0.001
5.615,0.001,0.001,0.001
5.62,0.001,0.001,0.001
5.625,0.001,0.001,0.001
5.63,0.001,0.001,0.001
5.635,0.001,0.001,0.001
5.64,0.001,0.001,0.001
5.645,0.001,0.001,0.001
5.65,0.001,0.001,0.001
5.655,0.001,0.001,0.001
5.66,0.001,0.001,0.001
5.665,0.001,0.001,0.001
5.67,0.001,0.001,0.001
5.675,0.001,0.001,0.001
5.68,0.001,0.001,0.001
5.685,0.001,0.001,0.001
5.69,0.001,0.001,0.001
5.695,0.001,0.001,0.001
5.7,0.001,0.001,0.001
5.705,0.001,0.001,0.001
5.71,0.001,0.001,0.001
5.715,0.001,0.001,0.001
5.72,0.001,0.001,0.001
5.725,0.001,0.001,0.001
5.73,0.001,0.001,0.001
5.735,0.001,0.001,0.001
5.74,0.001,0.001,0.001
5.745,0.001,0.001,0.001
5.75,0.001,0.001,0.001
5.755,0.001,0.001,0.001
5.76,0.001,0.001,0.001
5.765,0.001,0.001,0.001
5.77,0.001,0.001,0.001
5.775,0.001,0.001,0.001
5.78,0.001,0.001,0.001
5.785,0.001,0.001,0.001
5.79,0.001,0.001,0.001
5.795,0.001,0.001,0.001
5.8,0.001,0.001,0.001
5.805,0.001,0.001,0.001
5.81,0.001,0.001,0.001
5.815,0.001,0.001,0.001
5.82,0.001,0.001,0.001
5.825,0.001,0.001,0.001
5.83,0.001,0.001,0.001
5.835,0.001,0.001,0.001
5.84,0.001,0.001,0.001
5.845,0.001,0.001,0.001
5.85,0.001,0.001,0.001
5.855,0.001,0.001,0.001
5.86,0.001,0.001,0.001
5.865,0.001,0.001,0.001
5.87,0.001,0.001,0.001
5.875,0.001,0.001,0.001
5.88,0.001,0.001,0.001
5.885,0.001,0.001,0.001
5.89,0.001,0.001,0.001
5.895,0.001,0.001,0.001
5.9,0.001,0.001,0.001
5.905,0.001,0.001,0.001
5.91,0.001,0.001,0.001
5.915,0.001,0.001,0.001
5.92,0.001,0.001,0.001
5.925,0.001,0.001,0.001
5.93,0.001,0.001,0.001
5.935,0.001,0.001,0.001
5.94,0.001,0.001,0.001
5.945,0.001,0.001,0.001
5.95,0.001,0.001,0.001
5.955,0.001,0.001,0.001
5.96,0.001,0.001,0.001
5.965,0.001,0.001,0.001
5.97,0.001,0.001,0.001
5.975,0.001,0.001,0.001
5.98,0.001,0.001,0.001
5.985,0.001,0.001,0.001
5.99,0.001,0.001,0.001
5.995,0.001,0.001,0.001
6,0.001,0.001,0.001
6.005,0.001,0.001,0.001
6.01,0.001,0.001,0.001
6.015,0.001,0.001,0.001
6.02,0.001,0.001,0.001
6.025,0.001,0.001,0.001
6.03,0.001,0.001,0.001
6.035,0.001,0.001,0.001
6.04,0.001,0.001,0.001
6.045,0.001,0.001,0.001
6.05,0.001,0.001,0.001
6.055,0.001,0.001,0.001
6.06,0.001,0.001,0.001
6.065,0.001,0.001,0.001
6.07,0.001,0.001,0.001
6.075,0.001,0.001,0.001
6.08,0.001,0.001,0.001
6.085,0.001,0.001,0.001
6.09,0.001,0.001,0.001
6.095,0.001,0.001,0.001
6.1,0.001,0.001,0.001
6.105,0.001,0.001,0.001
6.11,0.001,0.001,0.001
6.115,0.001,0.001,0.001
6.12,0.001,0.001,0.001
6.125,0.001,0.001,0.001
6.13,0.001,0.001,0.001
6.135,0.001,0.001,0.001
6.14,0.001,0.001,0.001
6.145,0.001,0.001,0.001
6.15,0.001,0.001,0.001
6.155,0.001,0.001,0.001
6.16,0.001,0.001,0.001
6.165,0.001,0.001,0.001
6.17,0.001,0.001,0.001
6.175,0.001,0.001,0.001
6.18,0.001,0.001,0.001
6.185,0.001,0.001,0.001
6.19,0.001,0.001,0.001
6.195,0.001,0.001,0.001
6.2,0.001,0.001,0.001
6.205,0.001,0.001,0.001
6.21,0.001,0.001,0.001
6.215,0.001,0.001,0.001
6.22,0.001,0.001,0.001
6.225,0.001,0.001,0.001
6.23,0.001,0.001,0.001
6.235,0.001,0.001,0.001
6.24,0.001,0.001,0.001
6.245,0.001,0.001,0.001
6.25,0.001,0.001,0.001
6.255,0.001,0.001,0.001
6.26,0.001,0.001,0.001
6.265,0.001,0.001,0.001
6.27,0.001,0.001,0.001
6.275,0.001,0.001,0.001
6.28,0.001,0.001,0.001
6.285,0.001,0.001,0.001
6.29,0.001,0.001,0.001
6.295,0.001,0.001,0.001
6.3,0.001,0.001,0.001
6.305,0.001,0.001,0.001
6.31,0.001,0.001,0.001
6.315,0.001,0.001,0.001
6.32,0.001,0.001,0.001
6.325,0.001,0.001,0.001
6.33,0.001,0.001,0.001
6.335,0.001,0.001,0.001
6.34,0.001,0.001,0.001
6.345,0.001,0.001,0.001
6.35,0.001,0.001,0.001
6.355,0.001,0.001,0.001
6.36,0.001,0.001,0.001
6.365,0.001,0.001,0.001
6.37,0.001,0.001,0.001
6.375,0.001,0.001,0.001
6.38,0.001,0.001,0.001
6.385,0.001,0.001,0.001
6.39,0.001,0.001,0.001
6.395,0.001,0.001,0.001
6.4,0.001,0.001,0.001
6.405,0.001,0.001,0.001
6.41,0.001,0.001,0.001
6.415,0.001,0.001,0.001
6.42,0.001,0.001,0.001
6.425,0.001,0.001,0.001
6.43,0.001,0.001,0.001
6.435,0.001,0.001,0.001
6.44,0.001,0.001,0.001
6.445,0.001,0.001,0.001
6.45,0.001,0.001,0.001
6.455,0.001,0.001,0.001
6.46,0.001,0.001,0.001
6.465,0.001,0.001,0.001
6.47,0.001,0.001,0.001
6.475,0.001,0.001,0.001
6.48,0.001,0.001,0.001
6.485,0.001,0.001,0.001
6.49,0.001,0.001,0.001
6.495,0.001,0.001,0.001
6.5,0.001,0.001,0.001
6.505,0.001,0.001,0.001
6.51,0.001,0.001,0.001
6.515,0.001,0.001,0.001
6.52,0.001,0.001,0.001
6.525,0.001,0.001,0.001
6.53,0.001,0.001,0.001
6.535,0.001,0.001,0.001
6.54,0.001,0.001,0.001
6.545,0.001,0.001,0.001
6.55,0.001,0.001,0.001
6.555,0.001,0.001,0.001
6.56,0.001,0.001,0.001
6.565,0.001,0.001,0.001
6.57,0.001,0.001,0.001
6.575,0.001,0.001,0.001
6.58,0.001,0.001,0.001
6.585,0.001,0.001,0.001
6.59,0.001,0.001,0.001
6.595,0.001,0.001,0.001
6.6,0.001,0.001,0.001
6.605,0.001,0.001,0.001
6.61,0.001,0.001,0.001
6.615,0.001,0.001,0.001
6.62,0.001,0.001,0.001
6.625,0.001,0.001,0.001
6.63,0.001,0.001,0.001
6.635,0.001,0.001,0.001
6.64,0.001,0.001,0.001
6.645,0.001,0.001,0.001
6.65,0.001,0.001,0.001
6.655,0.001,0.001,0.001
6.66,0.001,0.001,0.001
6.665,0.001,0.001,0.001
6.67,0.001,0.001,0.001
6.675,0.001,0.001,0.001
6.68,0.001,0.001,0.001
6.685,0.001,0.001,0.001
6.69,0.001,0.001,0.001
6.695,0.001,0.001,0.001
6.7,0.001,0.001,0.001
6.705,0.001,0.001,0.001
6.71,0.001,0.001,0.001
6.715,0.001,0.001,0.001
6.72,0.001,0.001,0.001
6.725,0.001,0.001,0.001
6.73,0.001,0.001,0.001
6.735,0.001,0.001,0.001
6.74,0.001,0.001,0.001
6.745,0.001,0.001,0.001
6.75,0.001,0.001,0.001
6.755,0.001,0.001,0.001
6.76,0.001,0.001,0.001
6.765,0.001,0.001,0.001
6.77,0.001,0.001,0.001
6.775,0.001,0.001,0.001
6.78,0.001,0.001,0.001
6.785,0.001,0.001,0.001
6.79,0.001,0.001,0.001
6.795,0.001,0.001,0.001
6.8,0.001,0.001,0.001
6.805,0.001,0.001,0.001
6.81,0.001,0.001,0.001
6.815,0.001,0.001,0.001
6.82,0.001,0.001,0.001
6.825,0.001,0.001,0.001
6.83,0.001,0.001,0.001
6.835,0.001,0.001,0.001
6.84,0.001,0.001,0.001
6.845,0.001,0.001,0.001
6.85,0.001,0.001,0.001
6.855,0.001,0.001,0.001
6.86,0.001,0.001,0.001
6.865,0.001,0.001,0.001
6.87,0.001,0.001,0.001
6.875,0.001,0.001,0.001
6.88,0.001,0.001,0.001
6.885,0.001,0.001,0.001
6.89,0.001,0.001,0.001
6.895,0.001,0.001,0.001
6.9,0.001,0.001,0.001
6.905,0.001,0.001,0.001
6.91,0.001,0.001,0.001
6.915,0.001,0.001,0.001
6.92,0.001,0.001,0.001
6.925,0.001,0.001,0.001
6.93,0.001,0.001,0.001
6.935,0.001,0.001,0.001
6.94,0.001,0.001,0.001
6.945,0.001,0.001,0.001
6.95,0.001,0.001,0.001
6.955,0.001,0.001,0.001
6.96,0.001,0.001,0.001
6.965,0.001,0.001,0.001
6.97,0.001,0.001,0.001
6.975,0.001,0.001,0.001
6.98,0.001,0.001,0.001
6.985,0.001,0.001,0.001
6.99,0.001,0.001,0.001
6.995,0.001,0.001,0.001
7,0.001,0.001,0.001
7.005,0.001,0.001,0.001
7.01,0.001,0.001,0.001
7.015,0.001,0.001,0.001
7.02,0.001,0.001,0.001
7.025,0.001,0.001,0.001
7.03,0.001,0.001,0.001
7.035,0.001,0.001,0.001
7.04,0.001,0.001,0.001
7.045,0.001,0.001,0.001
7.05,0.001,0.001,0.001
7.055,0.001,0.001,0.001
7.06,0.001,0.001,0.001
7.065,0.001,0.001,0.001
7.07,0.001,0.001,0.001
7.075,0.001,0.001,0.001
7.08,0.001,0.001,0.001
7.085,0.001,0.001,0.001
7.09,0.001,0.001,0.001
7.095,0.001,0.001,0.001
7.1,0.001,0.001,0.001
7.105,0.001,0.001,0.001
7.11,0.001,0.001,0.001
7.115,0.001,0.001,0.001
7.12,0.001,0.001,0.001
7.125,0.001,0.001,0.001
7.13,0.001,0.001,0.001
7.135,0.001,0.001,0.001
7.14,0.001,0.001,0.001
7.145,0.001,0.001,0.001
7.15,0.001,0.001,0.001
7.155,0.001,0.001,0.001
7.16,0.001,0.001,0.001
7.165,0.001,0.001,0.001
7.17,0.001,0.001,0.001
7.175,0.001,0.001,0.001
7.18,0.001,0.001,0.001
7.185,0.001,0.001,0.001
7.19,0.001,0.001,0.001
7.195,0.001,0.001,0.001
7.2,0.001,0.001,0.001
7.205,0.001,0.001,0.001
7.21,0.001,0.001,0.001
7.215,0.001,0.001,0.001
7.22,0.001,0.001,0.001
7.225,0.001,0.001,0.001
7.23,0.001,0.001,0.001
7.235,0.001,0.001,0.001
7.24,0.001,0.001,0.001
7.245,0.001,0.001,0.001
7.25,0.001,0.001,0.001
7.255,0.001,0.001,0.001
7.26,0.001,0.001,0.001
7.265,0.001,0.001,0.001
7.27,0.001,0.001,0.001
7.275,0.001,0.001,0.001
7.28,0.001,0.001,0.001
7.285,0.001,0.001,0.001
7.29,0.001,0.001,0.001
7.295,0.001,0.001,0.001
7.3,0.001,0.001,0.001
7.305,0.001,0.001,0.001
7.31,0.001,0.001,0.001
7.315,0.001,0.001,0.001
7.32,0.001,0.001,0.001
7.325,0.001,0.001,0.001
7.33,0.001,0.001,0.001
7.335,0.001,0.001,0.001
7.34,0.001,0.001,0.001
7.345,0.001,0.001,0.001
7.35,0.001,0.001,0.001
7.355,0.001,0.001,0.001
7.36,0.001,0.001,0.001
7.365,0.001,0.001,0.001
7.37,0.001,0.001,0.001
7.375,0.001,0.001,0.001
7.38,0.001,0.001,0.001
7.385,0.001,0.001,0.001
7.39,0.001,0.001,0.001
7.395,0.001,0.001,0.001
7.4,0.001,0.001,0.001
7.405,0.001,0.001,0.001
7.41,0.001,0.001,0.001
7.415,0.001,0.001,0.001
7.42,0.001,0.001,0.001
7.425,0.001,0.001,0.001
7.43,0.001,0.001,0.001
7.435,0.001,0.001,0.001
7.44,0.001,0.001,0.001
7.445,0.001,0.001,0.001
7.45,0.001,0.001,0.001
7.455,0.001,0.001,0.001
7.46,0.001,0.001,0.001
7.465,0.001,0.001,0.001
7.47,0.001,0.001,0.001
7.475,0.001,0.001,0.001
7.48,0.001,0.001,0.001
7.485,0.001,0.001,0.001
7.49,0.001,0.001,0.001
7.495,0.001,0.001,0.001
7.5,0.001,0.001,0.001
7.505,0.001,0.001,0.001
7.51,0.001,0.001,0.001
7.515,0.001,0.001,0.001
7.52,0.001,0.001,0.001
7.525,0.001,0.001,0.001
7.53,0.001,0.001,0.001
7.535,0.001,0.001,0.001
7.54,0.001,0.001,0.001
7.545,0.001,0.001,0.001
7.55,0.001,0.001,0.001
7.555,0.001,0.001,0.001
7.56,0.001,0.001,0.001
7.565,0.001,0.001,0.001
7.57,0.001,0.001,0.001
7.575,0.001,0.001,0.001
7.58,0.001,0.001,0.001
7.585,0.001,0.001,0.001
7.59,0.001,0.001,0.001
7.595,0.001,0.001,0.001
7.6,0.001,0.001,0.001
7.605,0.001,0.001,0.001
7.61,0.001,0.001,0.001
7.615,0.001,0.001,0.001
7.62,0.001,0.001,0.001
7.625,0.001,0.001,0.001
7.63,0.001,0.001,0.001
7.635,0.001,0.001,0.001
7.64,0.001,0.001,0.001
7.645,0.001,0.001,0.001
7.65,0.001,0.001,0.001
7.655,0.001,0.001,0.001
7.66,0.001,0.001,0.001
7.665,0.001,0.001,0.001
7.67,0.001,0.001,0.001
7.675,0.001,0.001,0.001
7.68,0.001,0.001,0.001
7.685,0.001,0.001,0.001
7.69,0.001,0.001,0.001
7.695,0.001,0.001,0.001
7.7,0.001,0.001,0.001
7.705,0.001,0.001,0.001
7.71,0.001,0.001,0.001
7.715,0.001,0.001,0.001
7.72,0.001,0.001,0.001
7.725,0.001,0.001,0.001
7.73,0.001,0.001,0.001
7.735,0.001,0.001,0.001
7.74,0.001,0.001,0.001
7.745,0.001,0.001,0.001
7.75,0.001,0.001,0.001
7.755,0.001,0.001,0.001
7.76,0.001,0.001,0.001
7.765,0.001,0.001,0.001
7.77,0.001,0.001,0.001
7.775,0.001,0.001,0.001
7.78,0.001,0.001,0.001
7.785,0.001,0.001,0.001
7.79,0.001,0.001,0.001
7.795,0.001,0.001,0.001
7.8,0.001,0.001,0.001
7.805,0.001,0.001,0.001
7.81,0.001,0.001,0.001
7.815,0.001,0.001,0.001
7.82,0.001,0.001,0.001
7.825,0.001,0.001,0.001
7.83,0.001,0.001,0.001
7.835,0.001,0.001,0.001
7.84,0.001,0.001,0.001
7.845,0.001,0.001,0.001
7.85,0.001,0.001,0.001
7.855,0.001,0.001,0.001
7.86,0.001,0.001,0.001
7.865,0.001,0.001,0.001
7.87,0.001,0.001,0.001
7.875,0.001,0.001,0.001
7.88,0.001,0.001,0.001
7.885,0.001,0.001,0.001
7.89,0.001,0.001,0.001
7.895,0.001,0.001,0.001
7.9,0.001,0.001,0.001
7.905,0.001,0.001,0.001
7.91,0.001,0.001,0.001
7.915,0.001,0.001,0.001
7.92,0.001,0.001,0.001
7.925,0.001,0.001,0.001
7.93,0.001,0.001,0.001
7.935,0.001,0.001,0.001
7.94,0.001,0.001,0.001
7.945,0.001,0.001,0.001
7.95,0.001,0.001,0.001
7.955,0.001,0.001,0.001
7.96,0.001,0.001,0.001
7.965,0.001,0.001,0.001
7.97,0.001,0.001,0.001
7.975,0.001,0.001,0.001
7.98,0.001,0.001,0.001
7.985,0.001,0.001,0.001
7.99,0.001,0.001,0.001
7.995,0.001,0.001,0.001
8,0.001,0.001,0.001
8.005,0.001,0.001,0.001
8.01,0.001,0.001,0.001
8.015,0.001,0.001,0.001
8.02,0.001,0.001,0.001
8.025,0.001,0.001,0.001
8.03,0.001,0.001,0.001
8.035,0.001,0.001,0.001
8.04,0.001,0.001,0.001
8.045,0.001,0.001,0.001
8.05,0.001,0.001,0.001
8.055,0.001,0.001,0.001
8.06,0.001,0.001,0.001
8.065,0.001,0.001,0.001
8.07,0.001,0.001,0.001
8.075,0.001,0.001,0.001
8.08,0.001,0.001,0.001
8.085,0.001,0.001,0.001
8.09,0.001,0.001,0.001
8.095,0.001,0.001,0.001
8.1,0.001,0.001,0.001
8.105,0.001,0.001,0.001
8.11,0.001,0.001,0.001
8.115,0.001,0.001,0.001
8.12,0.001,0.001,0.001
8.125,0.001,0.001,0.001
8.13,0.001,0.001,0.001
8.135,0.001,0.001,0.001
8.14,0.001,0.001,0.001
8.145,0.001,0.001,0.001
8.15,0.001,0.001,0.001
8.155,0.001,0.001,0.001
8.16,0.001,0.001,0.001
8.165,0.001,0.001,0.001
8.17,0.001,0.001,0.001
8.175,0.001,0.001,0.001
8.18,0.001,0.001,0.001
8.185,0.001,0.001,0.001
8.19,0.001,0.001,0.001
8.195,0.001,0.001,0.001
8.2,0.001,0.001,0.001
8.205,0.001,0.001,0.001
8.21,0.001,0.001,0.001
8.215,0.001,0.001,0.001
8.22,0.001,0.001,0.001
8.225,0.001,0.001,0.001
8.23,0.001,0.001,0.001
8.235,0.001,0.001,0.001
8.24,0.001,0.001,0.001
8.245,0.001,0.001,0.001
8.25,0.001,0.001,0.001
8.255,0.001,0.001,0.001
8.26,0.001,0.001,0.001
8.265,0.001,0.001,0.001
8.27,0.001,0.001,0.001
8.275,0.001,0.001,0.001
8.28,0.001,0.001,0.001
8.285,0.001,0.001,0.001
8.29,0.001,0.001,0.001
8.295,0.001,0.001,0.001
8.3,0.001,0.001,0.001
8.305,0.001,0.001,0.001
8.31,0.001,0.001,0.001
8.315,0.001,0.001,0.001
8.32,0.001,0.001,0.001
8.325,0.001,0.001,0.001
8.33,0.001,0.001,0.001
8.335,0.001,0.001,0.001
8.34,0.001,0.001,0.001
8.345,0.001,0.001,0.001
8.35,0.001,0.001,0.001
8.355,0.001,0.001,0.001
8.36,0.001,0.001,0.001
8.365,0.001,0.001,0.001
8.37,0.001,0.001,0.001
8.375,0.001,0.001,0.001
8.38,0.001,0.001,0.001
8.385,0.001,0.001,0.001
8.39,0.001,0.001,0.001
8.395,0.001,0.001,0.001
8.4,0.001,0.001,0.001
8.405,0.001,0.001,0.001
8.41,0.001,0.001,0.001
8.415,0.001,0.001,0.001
8.42,0.001,0.001,0.001
8.425,0.001,0.001,0.001
8.43,0.001,0.001,0.001
8.435,0.001,0.001,0.001
8.44,0.001,0.001,0.001
8.445,0.001,0.001,0.001
8.45,0.001,0.001,0.001
8.455,0.001,0.001,0.001
8.46,0.001,0.001,0.001
8.465,0.001,0.001,0.001
8.47,0.001,0.001,0.001
8.475,0.001,0.001,0.001
8.48,0.001,0.001,0.001
8.485,0.001,0.001,0.001
8.49,0.001,0.001,0.001
8.495,0.001,0.001,0.001
8.5,0.001,0.001,0.001
8.505,0.001,0.001,0.001
8.51,0.001,0.001,0.001
8.515,0.001,0.001,0.001
8.52,0.001,0.001,0.001
8.525,0.001,0.001,0.001
8.53,0.001,0.001,0.001
8.535,0.001,0.001,0.001
8.54,0.001,0.001,0.001
8.545,0.001,0.001,0.001
8.55,0.001,0.001,0.001
8.555,0.001,0.001,0.001
8.56,0.001,0.001,0.001
8.565,0.001,0.001,0.001
8.57,0.001,0.001,0.001
8.575,0.001,0.001,0.001
8.58,0.001,0.001,0.001
8.585,0.001,0.001,0.001
8.59,0.001,0.001,0.001
8.595,0.001,0.001,0.001
8.6,0.001,0.001,0.001
8.605,0.001,0.001,0.001
8.61,0.001,0.001,0.001
8.615,0.001,0.001,0.001
8.62,0.001,0.001,0.001
8.625,0.001,0.001,0.001
8.63,0.001,0.001,0.001
8.635,0.001,0.001,0.001
8.64,0.001,0.001,0.001
8.645,0.001,0.001,0.001
8.65,0.001,0.001,0.001
8.655,0.001,0.001,0.001
8.66,0.001,0.001,0.001
8.665,0.001,0.001,0.001
8.67,0.001,0.001,0.001
8.675,0.001,0.001,0.001
8.68,0.001,0.001,0.001
8.685,0.001,0.001,0.001
8.69,0.001,0.001,0.001
8.695,0.001,0.001,0.001
8.7,0.001,0.001,0.001
8.705,0.001,0.001,0.001
8.71,0.001,0.001,0.001
8.715,0.001,0.001,0.001
8.72,0.001,0.001,0.001
8.725,0.001,0.001,0.001
8.73,0.001,0.001,0.001
8.735,0.001,0.001,0.001
8.74,0.001,0.001,0.001
8.745,0.001,0.001,0.001
8.75,0.001,0.001,0.001
8.755,0.001,0.001,0.001
8.76,0.001,0.001,0.001
8.765,0.001,0.001,0.001
8.77,0.001,0.001,0.001
8.775,0.001,0.001,0.001
8.78,0.001,0.001,0.001
8.785,0.001,0.001,0.001
8.79,0.001,0.001,0.001
8.795,0.001,0.001,0.001
8.8,0.001,0.001,0.001
8.805,0.001,0.001,0.001
8.81,0.001,0.001,0.001
8.815,0.001,0.001,0.001
8.82,0.001,0.001,0.001
8.825,0.001,0.001,0.001
8.83,0.001,0.001,0.001
8.835,0.001,0.001,0.001
8.84,0.001,0.001,0.001
8.845,0.001,0.001,0.001
8.85,0.001,0.001,0.001
8.855,0.001,0.001,0.001
8.86,0.001,0.001,0.001
8.865,0.001,0.001,0.001
8.87,0.001,0.001,0.001
8.875,0.001,0.001,0.001
8.88,0.001,0.001,0.001
8.885,0.001,0.001,0.001
8.89,0.001,0.001,0.001
8.895,0.001,0.001,0.001
8.9,0.001,0.001,0.001
8.905,0.001,0.001,0.001
8.91,0.001,0.001,0.001
8.915,0.001,0.001,0.001
8.92,0.001,0.001,0.001
8.925,0.001,0.001,0.001
8.93,0.001,0.001,0.001
8.935,0.001,0.001,0.001
8.94,0.001,0.001,0.001
8.945,0.001,0.001,0.001
8.95,0.001,0.001,0.001
8.955,0.001,0.001,0.001
8.96,0.001,0.001,0.001
8.965,0.001,0.001,0.001
8.97,0.001,0.001,0.001
8.975,0.001,0.001,0.001
8.98,0.001,0.001,0.001
8.985,0.001,0.001,0.001
8.99,0.001,0.001,0.001
8.995,0.001,0.001,0.001
9,0.001,0.001,0.001
9.005,0.001,0.001,0.001
9.01,0.001,0.001,0.001
9.015,0.001,0.001,0.001
9.02,0.001,0.001,0.001
9.025,0.001,0.001,0.001
9.03,0.001,0.001,0.001
9.035,0.001,0.001,0.001
9.04,0.001,0.001,0.001
9.045,0.001,0.001,0.001
9.05,0.001,0.001,0.001
9.055,0.001,0.001,0.001
9.06,0.001,0.001,0.001
9.065,0.001,0.001,0.001
9.07,0.001,0.001,0.001
9.075,0.001,0.001,0.001
9.08,0.001,0.001,0.001
9.085,0.001,0.001,0.001
9.09,0.001,0.001,0.001
9.095,0.001,0.001,0.001
9.1,0.001,0.001,0.001
9.105,0.001,0.001,0.001
9.11,0.001,0.001,0.001
9.115,0.001,0.001,0.001
9.12,0.001,0.001,0.001
9.125,0.001,0.001,0.001
9.13,0.001,0.001,0.001
9.135,0.001,0.001,0.001
9.14,0.001,0.001,0.001
9.145,0.001,0.001,0.001
9.15,0.001,0.001,0.001
9.155,0.001,0.001,0.001
9.16,0.001,0.001,0.001
9.165,0.001,0.001,0.001
9.17,0.001,0.001,0.001
9.175,0.001,0.001,0.001
9.18,0.001,0.001,0.001
9.185,0.001,0.001,0.001
9.19,0.001,0.001,0.001
9.195,0.001,0.001,0.001
9.2,0.001,0.001,0.001
9.205,0.001,0.001,0.001
9.21,0.001,0.001,0.001
9.215,0.001,0.001,0.001
9.22,0.001,0.001,0.001
9.225,0.001,0.001,0.001
9.23,0.001,0.001,0.001
9.235,0.001,0.001,0.001
9.24,0.001,0.001,0.001
9.245,0.001,0.001,0.001
9.25,0.001,0.001,0.001
9.255,0.001,0.001,0.001
9.26,0.001,0.001,0.001
9.265,0.001,0.001,0.001
9.27,0.001,0.001,0.001
9.275,0.001,0.001,0.001
9.28,0.001,0.001,0.001
9.285,0.001,0.001,0.001
9.29,0.001,0.001,0.001
9.295,0.001,0.001,0.001
9.3,0.001,0.001,0.001
9.305,0.001,0.001,0.001
9.31,0.001,0.001,0.001
9.315,0.001,0.001,0.001
9.32,0.001,0.001,0.001
9.325,0.001,0.001,0.001
9.33,0.001,0.001,0.001
9.335,0.001,0.001,0.001
9.34,0.001,0.001,0.001
9.345,0.001,0.001,0.001
9.35,0.001,0.001,0.001
9.355,0.001,0.001,0.001
9.36,0.001,0.001,0.001
9.365,0.001,0.001,0.001
9.37,0.001,0.001,0.001
9.375,0.001,0.001,0.001
9.38,0.001,0.001,0.001
9.385,0.001,0.001,0.001
9.39,0.001,0.001,0.001
9.395,0.001,0.001,0.001
9.4,0.001,0.001,0.001
9.405,0.001,0.001,0.001
9.41,0.001,0.001,0.001
9.415,0.001,0.001,0.001
9.42,0.001,0.001,0.001
9.425,0.001,0.001,0.001
9.43,0.001,0.001,0.001
9.435,0.001,0.001,0.001
9.44,0.001,0.001,0.001
9.445,0.001,0.001,0.001
9.45,0.001,0.001,0.001
9.455,0.001,0.001,0.001
9.46,0.001,0.001,0.001
9.465,0.001,0.001,0.001
9.47,0.001,0.001,0.001
9.475,0.001,0.001,0.001
9.48,0.001,0.001,0.001
9.485,0.001,0.001,0.001
9.49,0.001,0.001,0.001
9.495,0.001,0.001,0.001
9.5,0.001,0.001,0.001
9.505,0.001,0.001,0.001
9.51,0.001,0.001,0.001
9.515,0.001,0.001,0.001
9.52,0.001,0.001,0.001
9.525,0.001,0.001,0.001
9.53,0.001,0.001,0.001
9.535,0.001,0.001,0.001
9.54,0.001,0.001,0.001
9.545,0.001,0.001,0.001
9.55,0.001,0.001,0.001
9.555,0.001,0.001,0.001
9.56,0.001,0.001,0.001
9.565,0.001,0.001,0.001
9.57,0.001,0.001,0.001
9.575,0.001,0.001,0.001
9.58,0.001,0.001,0.001
9.585,0.001,0.001,0.001
9.59,0.001,0.001,0.001
9.595,0.001,0.001,0.001
9.6,0.001,0.001,0.001
9.605,0.001,0.001,0.001
9.61,0.001,0.001,0.001
9.615,0.001,0.001,0.001
9.62,0.001,0.001,0.001
9.625,0.001,0.001,0.001
9.63,0.001,0.001,0.001
9.635,0.001,0.001,0.001
9.64,0.001,0.001,0.001
9.645,0.001,0.001,0.001
9.65,0.001,0.001,0.001
9.655,0.001,0.001,0.001
9.66,0.001,0.001,0.001
9.665,0.001,0.001,0.001
9.67,0.001,0.001,0.001
9.675,0.001,0.001,0.001
9.68,0.001,0.001,0.001
9.685,0.001,0.001,0.001
9.69,0.001,0.001,0.001
9.695,0.001,0.001,0.001
9.7,0.001,0.001,0.001
9.705,0.001,0.001,0.001
9.71,0.001,0.001,0.001
9.715,0.001,0.001,0.001
9.72,0.001,0.001,0.001
9.725,0.001,0.001,0.001
9.73,0.001,0.001,0.001
9.735,0.001,0.001,0.001
9.74,0.001,0.001,0.001
9.745,0.001,0.001,0.001
9.75,0.001,0.001,0.001
9.755,0.001,0.001,0.001
9.76,0.001,0.001,0.001
9.765,0.001,0.001,0.001
9.77,0.001,0.001,0.001
9.775,0.001,0.001,0.001
9.78,0.001,0.001,0.001
9.785,0.001,0.001,0.001
9.79,0.001,0.001,0.001
9.795,0.001,0.001,0.001
9.8,0.001,0.001,0.001
9.805,0.001,0.001,0.001
9.81,0.001,0.001,0.001
9.815,0.001,0.001,0.001
9.82,0.001,0.001,0.001
9.825,0.001,0.001,0.001
9.83,0.001,0.001,0.001
9.835,0.001,0.001,0.001
9.84,0.001,0.001,0.001
9.845,0.001,0.001,0.001
9.85,0.001,0.001,0.001
9.855,0.001,0.001,0.001
9.86,0.001,0.001,0.001
9.865,0.001,0.001,0.001
9.87,0.001,0.001,0.001
9.875,0.001,0.001,0.001
9.88,0.001,0.001,0.001
9.885,0.001,0.001,0.001
9.89,0.001,0.001,0.001
9.895,0.001,0.001,0.001
9.9,0.001,0.001,0.001
9.905,0.001,0.001,0.001
9.91,0.001,0.001,0.001
9.915,0.001,0.001,0.001
9.92,0.001,0.001,0.001
9.925,0.001,0.001,0.001
9.93,0.001,0.001,0.001
9.935,0.001,0.001,0.001
9.94,0.001,0.001,0.001
9.945,0.001,0.001,0.001
9.95,0.001,0.001,0.001
9.955,0.001,0.001,0.001
9.96,0.001,0.001,0.001
9.965,0.001,0.001,0.001
9.97,0.001,0.001,0.001
9.975,0.001,0.001,0.001
9.98,0.001,0.001,0.001
9.985,0.001,0.001,0.001
9.99,0.001,0.001,0.001
9.995,0.001,0.001,0.001
10,0.001,0.001,0.001
10.005,0.001,0.001,0.001
10.01,0.001,0.001,0.001
10.015,0.001,0.001,0.001
10.02,0.001,0.001,0.001
10.025,0.001,0.001,0.001
10.03,0.001,0.001,0.001
10.035,0.001,0.001,0.001
10.04,0.001,0.001,0.001
10.045,0.001,0.001,0.001
10.05,0.001,0.001,0.001
10.055,0.001,0.001,0.001
10.06,0.001,0.001,0.001
10.065,0.001,0.001,0.001
10.07,0.001,0.001,0.001
10.075,0.001,0.001,0.001
10.08,0.001,0.001,0.001
10.085,0.001,0.001,0.001
10.09,0.001,0.001,0.001
10.095,0.001,0.001,0.001
10.1,0.001,0.001,0.001
10.105,0.001,0.001,0.001
10.11,0.001,0.001,0.001
10.115,0.001,0.001,0.001
10.12,0.001,0.001,0.001
10.125,0.001,0.001,0.001
10.13,0.001,0.001,0.001
10.135,0.001,0.001,0.001
10.14,0.001,0.001,0.001
10.145,0.001,0.001,0.001
10.15,0.001,0.001,0.001
10.155,0.001,0.001,0.001
10.16,0.001,0.001,0.001
10.165,0.001,0.001,0.001
10.17,0.001,0.001,0.001
10.175,0.001,0.001,0.001
10.18,0.001,0.001,0.001
10.185,0.001,0.001,0.001
10.19,0.001,0.001,0.001
10.195,0.001,0.001,0.001
10.2,0.001,0.001,0.001
10.205,0.001,0.001,0.001
10.21,0.001,0.001,0.001
10.215,0.001,0.001,0.001
10.22,0.001,0.001,0.001
10.225,0.001,0.001,0.001
10.23,0.001,0.001,0.001
10.235,0.001,0.001,0.001
10.24,0.001,0.001,0.001
10.245,0.001,0.001,0.001
10.25,0.001,0.001,0.001
10.255,0.001,0.001,0.001
10.26,0.001,0.001,0.001
10.265,0.001,0.001,0.001
10.27,0.001,0.001,0.001
10.275,0.001,0.001,0.001
10.28,0.001,0.001,0.001
10.285,0.001,0.001,0.001
10.29,0.001,0.001,0.001
10.295,0.001,0.001,0.001
10.3,0.001,0.001,0.001
10.305,0.001,0.001,0.001
10.31,0.001,0.001,0.001
10.315,0.001,0.001,0.001
10.32,0.001,0.001,0.001
10.325,0.001,0.001,0.001
10.33,0.001,0.001,0.001
10.335,0.001,0.001,0.001
10.34,0.001,0.001,0.001
10.345,0.001,0.001,0.001
10.35,0.001,0.001,0.001
10.355,0.001,0.001,0.001
10.36,0.001,0.001,0.001
10.365,0.001,0.001,0.001
10.37,0.001,0.001,0.001
10.375,0.001,0.001,0.001
10.38,0.001,0.001,0.001
10.385,0.001,0.001,0.001
10.39,0.001,0.001,0.001
10.395,0.001,0.001,0.001
10.4,0.001,0.001,0.001
10.405,0.001,0.001,0.001
10.41,0.001,0.001,0.001
10.415,0.001,0.001,0.001
10.42,0.001,0.001,0.001
10.425,0.001,0.001,0.001
10.43,0.001,0.001,0.001
10.435,0.001,0.001,0.001
10.44,0.001,0.001,0.001
10.445,0.001,0.001,0.001
10.45,0.001,0.001,0.001
10.455,0.001,0.001,0.001
10.46,0.001,0.001,0.001
10.465,0.001,0.001,0.001
10.47,0.001,0.001,0.001
10.475,0.001,0.001,0.001
10.48,0.001,0.001,0.001
10.485,0.001,0.001,0.001
10.49,0.001,0.001,0.001
10.495,0.001,0.001,0.001
10.5,0.001,0.001,0.001
10.505,0.001,0.001,0.001
10.51,0.001,0.001,0.001
10.515,0.001,0.001,0.001
10.52,0.001,0.001,0.001
10.525,0.001,0.001,0.001
10.53,0.001,0.001,0.001
10.535,0.001,0.001,0.001
10.54,0.001,0.001,0.001
10.545,0.001,0.001,0.001
10.55,0.001,0.001,0.001
10.555,0.001,0.001,0.001
10.56,0.001,0.001,0.001
10.565,0.001,0.001,0.001
10.57,0.001,0.001,0.001
10.575,0.001,0.001,0.001
10.58,0.001,0.001,0.001
10.585,0.001,0.001,0.001
10.59,0.001,0.001,0.001
10.595,0.001,0.001,0.001
10.6,0.001,0.001,0.001
10.605,0.001,0.001,0.001
10.61,0.001,0.001,0.001
10.615,0.001,0.001,0.001
10.62,0.001,0.001,0.001
10.625,0.001,0.001,0.001
10.63,0.001,0.001,0.001
10.635,0.001,0.001,0.001
10.64,0.001,0.001,0.001
10.645,0.001,0.001,0.001
10.65,0.001,0.001,0.001
10.655,0.001,0.001,0.001
10.66,0.001,0.001,0.001
10.665,0.001,0.001,0.001
10.67,0.001,0.001,0.001
10.675,0.001,0.001,0.001
10.68,0.001,0.001,0.001
10.685,0.001,0.001,0.001
10.69,0.001,0.001,0.001
10.695,0.001,0.001,0.001
10.7,0.001,0.001,0.001
10.705,0.001,0.001,0.001
10.71,0.001,0.001,0.001
10.715,0.001,0.001,0.001
10.72,0.001,0.001,0.001
10.725,0.001,0.001,0.001
10.73,0.001,0.001,0.001
10.735,0.001,0.001,0.001
10.74,0.001,0.001,0.001
10.745,0.001,0.001,0.001
10.75,0.001,0.001,0.001
10.755,0.001,0.001,0.001
10.76,0.001,0.001,0.001
10.765,0.001,0.001,0.001
10.77,0.001,0.001,0.001
10.775,0.001,0.001,0.001
10.78,0.001,0.001,0.001
10.785,0.001,0.001,0.001
10.79,0.001,0.001,0.001
10.795,0.001,0.001,0.001
10.8,0.001,0.001,0.001
10.805,0.001,0.001,0.001
10.81,0.001,0.001,0.001
10.815,0.001,0.001,0.001
10.82,0.001,0.001,0.001
10.825,0.001,0.001,0.001
10.83,0.001,0.001,0.001
10.835,0.001,0.001,0.001
10.84,0.001,0.001,0.001
10.845,0.001,0.001,0.001
10.85,0.001,0.001,0.001
10.855,0.001,0.001,0.001
10.86,0.001,0.001,0.001
10.865,0.001,0.001,0.001
10.87,0.001,0.001,0.001
10.875,0.001,0.001,0.001
10.88,0.001,0.001,0.001
10.885,0.001,0.001,0.001
10.89,0.001,0.001,0.001
10.895,0.001,0.001,0.001
10.9,0.001,0.001,0.001
10.905,0.001,0.001,0.001
10.91,0.001,0.001,0.001
10.915,0.001,0.001,0.001
10.92,0.001,0.001,0.001
10.925,0.001,0.001,0.001
10.93,0.001,0.001,0.001
10.935,0.001,0.001,0.001
10.94,0.001,0.001,0.001
10.945,0.001,0.001,0.001
10.95,0.001,0.001,0.001
10.955,0.001,0.001,0.001
10.96,0.001,0.001,0.001
10.965,0.001,0.001,0.001
10.97,0.001,0.001,0.001
10.975,0.001,0.001,0.001
10.98,0.001,0.001,0.001
10.985,0.001,0.001,0.001
10.99,0.001,0.001,0.001
10.995,0.001,0.001,0.001
11,0.001,0.001,0.001
11.005,0.001,0.001,0.001
11.01,0.001,0.001,0.001
11.015,0.001,0.001,0.001
11.02,0.001,0.001,0.001
11.025,0.001,0.001,0.001
11.03,0.001,0.001,0.001
11.035,0.001,0.001,0.001
11.04,0.001,0.001,0.001
11.045,0.001,0.001,0.001
11.05,0.001,0.001,0.001
11.055,0.001,0.001,0.001
11.06,0.001,0.001,0.001
11.065,0.001,0.001,0.001
11.07,0.001,0.001,0.001
11.075,0.001,0.001,0.001
11.08,0.001,0.001,0.001
11.085,0.001,0.001,0.001
11.09,0.001,0.001,0.001
11.095,0.001,0.001,0.001
11.1,0.001,0.001,0.001
11.105,0.001,0.001,0.001
11.11,0.001,0.001,0.001
11.115,0.001,0.001,0.001
11.12,0.001,0.001,0.001
11.125,0.001,0.001,0.001
11.13,0.001,0.001,0.001
11.135,0.001,0.001,0.001
11.14,0.001,0.001,0.001
11.145,0.001,0.001,0.001
11.15,0.001,0.001,0.001
11.155,0.001,0.001,0.001
11.16,0.001,0.001,0.001
11.165,0.001,0.001,0.001
11.17,0.001,0.001,0.001
11.175,0.001,0.001,0.001
11.18,0.001,0.001,0.001
11.185,0.001,0.001,0.001
11.19,0.001,0.001,0.001
11.195,0.001,0.001,0.001
11.2,0.001,0.001,0.001
11.205,0.001,0.001,0.001
11.21,0.001,0.001,0.001
11.215,0.001,0.001,0.001
11.22,0.001,0.001,0.001
11.225,0.001,0.001,0.001
11.23,0.001,0.001,0.001
11.235,0.001,0.001,0.001
11.24,0.001,0.001,0.001
11.245,0.001,0.001,0.001
11.25,0.001,0.001,0.001
11.255,0.001,0.001,0.001
11.26,0.001,0.001,0.001
11.265,0.001,0.001,0.001
11.27,0.001,0.001,0.001
11.275,0.001,0.001,0.001
11.28,0.001,0.001,0.001
11.285,0.001,0.001,0.001
11.29,0.001,0.001,0.001
11.295,0.001,0.001,0.001
11.3,0.001,0.001,0.001
11.305,0.001,0.001,0.001
11.31,0.001,0.001,0.001
11.315,0.001,0.001,0.001
11.32,0.001,0.001,0.001
11.325,0.001,0.001,0.001
11.33,0.001,0.001,0.001
11.335,0.001,0.001,0.001
11.34,0.001,0.001,0.001
11.345,0.001,0.001,0.001
11.35,0.001,0.001,0.001
11.355,0.001,0.001,0.001
11.36,0.001,0.001,0.001
11.365,0.001,0.001,0.001
11.37,0.001,0.001,0.001
11.375,0.001,0.001,0.001
11.38,0.001,0.001,0.001
11.385,0.001,0.001,0.001
11.39,0.001,0.001,0.001
11.395,0.001,0.001,0.001
11.4,0.001,0.001,0.001
11.405,0.001,0.001,0.001
11.41,0.001,0.001,0.001
11.415,0.001,0.001,0.001
11.42,0.001,0.001,0.001
11.425,0.001,0.001,0.001
11.43,0.001,0.001,0.001
11.435,0.001,0.001,0.001
11.44,0.001,0.001,0.001
11.445,0.001,0.001,0.001
11.45,0.001,0.001,0.001
11.455,0.001,0.001,0.001
11.46,0.001,0.001,0.001
11.465,0.001,0.001,0.001
11.47,0.001,0.001,0.001
11.475,0.001,0.001,0.001
11.48,0.001,0.001,0.001
11.485,0.001,0.001,0.001
11.49,0.001,0.001,0.001
11.495,0.001,0.001,0.001
11.5,0.001,0.001,0.001
11.505,0.001,0.001,0.001
11.51,0.001,0.001,0.001
11.515,0.001,0.001,0.001
11.52,0.001,0.001,0.001
11.525,0.001,0.001,0.001
11.53,0.001,0.001,0.001
11.535,0.001,0.001,0.001
11.54,0.001,0.001,0.001
11.545,0.001,0.001,0.001
11.55,0.001,0.001,0.001
11.555,0.001,0.001,0.001
11.56,0.001,0.001,0.001
11.565,0.001,0.001,0.001
11.57,0.001,0.001,0.001
11.575,0.001,0.001,0.001
11.58,0.001,0.001,0.001
11.585,0.001,0.001,0.001
11.59,0.001,0.001,0.001
11.595,0.001,0.001,0.001
11.6,0.001,0.001,0.001
11.605,0.001,0.001,0.001
11.61,0.001,0.001,0.001
11.615,0.001,0.001,0.001
11.62,0.001,0.001,0.001
11.625,0.001,0.001,0.001
11.63,0.001,0.001,0.001
11.635,0.001,0.001,0.001
11.64,0.001,0.001,0.001
11.645,0.001,0.001,0.001
11.65,0.001,0.001,0.001
11.655,0.001,0.001,0.001
11.66,0.001,0.001,0.001
11.665,0.001,0.001,0.001
11.67,0.001,0.001,0.001
11.675,0.001,0.001,0.001
11.68,0.001,0.001,0.001
11.685,0.001,0.001,0.001
11.69,0.001,0.001,0.001
11.695,0.001,0.001,0.001
11.7,0.001,0.001,0.001
11.705,0.001,0.001,0.001
11.71,0.001,0.001,0.001
11.715,0.001,0.001,0.001
11.72,0.001,0.001,0.001
11.725,0.001,0.001,0.001
11.73,0.001,0.001,0.001
11.735,0.001,0.001,0.001
11.74,0.001,0.001,0.001
11.745,0.001,0.001,0.001
11.75,0.001,0.001,0.001
11.755,0.001,0.001,0.001
11.76,0.001,0.001,0.001
11.765,0.001,0.001,0.001
11.77,0.001,0.001,0.001
11.775,0.001,0.001,0.001
11.78,0.001,0.001,0.001
11.785,0.001,0.001,0.001
11.79,0.001,0.001,0.001
11.795,0.001,0.001,0.001
11.8,0.001,0.001,0.001
11.805,0.001,0.001,0.001
11.81,0.001,0.001,0.001
11.815,0.001,0.001,0.001
11.82,0.001,0.001,0.001
11.825,0.001,0.001,0.001
11.83,0.001,0.001,0.001
11.835,0.001,0.001,0.001
11.84,0.001,0.001,0.001
11.845,0.001,0.001,0.001
11.85,0.001,0.001,0.001
11.855,0.001,0.001,0.001
11.86,0.001,0.001,0.001
11.865,0.001,0.001,0.001
11.87,0.001,0.001,0.001
11.875,0.001,0.001,0.001
11.88,0.001,0.001,0.001
11.885,0.001,0.001,0.001
11.89,0.001,0.001,0.001
11.895,0.001,0.001,0.001
11.9,0.001,0.001,0.001
11.905,0.001,0.001,0.001
11.91,0.001,0.001,0.001
11.915,0.001,0.001,0.001
11.92,0.001,0.001,0.001
11.925,0.001,0.001,0.001
11.93,0.001,0.001,0.001
11.935,0.001,0.001,0.001
11.94,0.001,0.001,0.001
11.945,0.001,0.001,0.001
11.95,0.001,0.001,0.001
11.955,0.001,0.001,0.001
11.96,0.001,0.001,0.001
11.965,0.001,0.001,0.001
11.97,0.001,0.001,0.001
11.975,0.001,0.001,0.001
11.98,0.001,0.001,0.001
11.985,0.001,0.001,0.001
11.99,0.001,0.001,0.001
11.995,0.001,0.001,0.001
12,0.001,0.001,0.001
12.005,0.001,0.001,0.001
12.01,0.001,0.001,0.001
12.015,0.001,0.001,0.001
12.02,0.001,0.001,0.001
12.025,0.001,0.001,0.001
12.03,0.001,0.001,0.001
12.035,0.001,0.001,0.001
12.04,0.001,0.001,0.001
12.045,0.001,0.001,0.001
12.05,0.001,0.001,0.001
12.055,0.001,0.001,0.001
12.06,0.001,0.001,0.001
12.065,0.001,0.001,0.001
12.07,0.001,0.001,0.001
12.075,0.001,0.001,0.001
12.08,0.001,0.001,0.001
12.085,0.001,0.001,0.001
12.09,0.001,0.001,0.001
12.095,0.001,0.001,0.001
12.1,0.001,0.001,0.001
12.105,0.001,0.001,0.001
12.11,0.001,0.001,0.001
12.115,0.001,0.001,0.001
12.12,0.001,0.001,0.001
12.125,0.001,0.001,0.001
12.13,0.001,0.001,0.001
12.135,0.001,0.001,0.001
12.14,0.001,0.001,0.001
12.145,0.001,0.001,0.001
12.15,0.001,0.001,0.001
12.155,0.001,0.001,0.001
12.16,0.001,0.001,0.001
12.165,0.001,0.001,0.001
12.17,0.001,0.001,0.001
12.175,0.001,0.001,0.001
12.18,0.001,0.001,0.001
12.185,0.001,0.001,0.001
12.19,0.001,0.001,0.001
12.195,0.001,0.001,0.001
12.2,0.001,0.001,0.001
12.205,0.001,0.001,0.001
12.21,0.001,0.001,0.001
12.215,0.001,0.001,0.001
12.22,0.001,0.001,0.001
12.225,0.001,0.001,0.001
12.23,0.001,0.001,0.001
12.235,0.001,0.001,0.001
12.24,0.001,0.001,0.001
12.245,0.001,0.001,0.001
12.25,0.001,0.001,0.001
12.255,0.001,0.001,0.001
12.26,0.001,0.001,0.001
12.265,0.001,0.001,0.001
12.27,0.001,0.001,0.001
12.275,0.001,0.001,0.001
12.28,0.001,0.001,0.001
12.285,0.001,0.001,0.001
12.29,0.001,0.001,0.001
12.295,0.001,0.001,0.001
12.3,0.001,0.001,0.001
12.305,0.001,0.001,0.001
12.31,0.001,0.001,0.001
12.315,0.001,0.001,0.001
12.32,0.001,0.001,0.001
12.325,0.001,0.001,0.001
12.33,0.001,0.001,0.001
12.335,0.001,0.001,0.001
12.34,0.001,0.001,0.001
12.345,0.001,0.001,0.001
12.35,0.001,0.001,0.001
12.355,0.001,0.001,0.001
12.36,0.001,0.001,0.001
12.365,0.001,0.001,0.001
12.37,0.001,0.001,0.001
12.375,0.001,0.001,0.001
12.38,0.001,0.001,0.001
12.385,0.001,0.001,0.001
12.39,0.001,0.001,0.001
12.395,0.001,0.001,0.001
12.4,0.001,0.001,0.001
12.405,0.001,0.001,0.001
12.41,0.001,0.001,0.001
12.415,0.001,0.001,0.001
12.42,0.001,0.001,0.001
12.425,0.001,0.001,0.001
12.43,0.001,0.001,0.001
12.435,0.001,0.001,0.001
12.44,0.001,0.001,0.001
12.445,0.001,0.001,0.001
12.45,0.001,0.001,0.001
12.455,0.001,0.001,0.001
12.46,0.001,0.001,0.001
12.465,0.001,0.001,0.001
12.47,0.001,0.001,0.001
12.475,0.001,0.001,0.001
12.48,0.001,0.001,0.001
12.485,0.001,0.001,0.001
12.49,0.001,0.001,0.001
12.495,0.001,0.001,0.001
12.5,0.001,0.001,0.001
12.505,0.001,0.001,0.001
12.51,0.001,0.001,0.001
12.515,0.001,0.001,0.001
12.52,0.001,0.001,0.001
12.525,0.001,0.001,0.001
12.53,0.001,0.001,0.001
12.535,0.001,0.001,0.001
12.54,0.001,0.001,0.001
12.545,0.001,0.001,0.001
12.55,0.001,0.001,0.001
12.555,0.001,0.001,0.001
12.56,0.001,0.001,0.001
12.565,0.001,0.001,0.001
12.57,0.001,0.001,0.001
12.575,0.001,0.001,0.001
12.58,0.001,0.001,0.001
12.585,0.001,0.001,0.001
12.59,0.001,0.001,0.001
12.595,0.001,0.001,0.001
12.6,0.001,0.001,0.001
12.605,0.001,0.001,0.001
12.61,0.001,0.001,0.001
12.615,0.001,0.001,0.001
12.62,0.001,0.001,0.001
12.625,0.001,0.001,0.001
12.63,0.001,0.001,0.001
12.635,0.001,0.001,0.001
12.64,0.001,0.001,0.001
12.645,0.001,0.001,0.001
12.65,0.001,0.001,0.001
12.655,0.001,0.001,0.001
12.66,0.001,0.001,0.001
12.665,0.001,0.001,0.001
12.67,0.001,0.001,0.001
12.675,0.001,0.001,0.001
12.68,0.001,0.001,0.001
12.685,0.001,0.001,0.001
12.69,0.001,0.001,0.001
12.695,0.001,0.001,0.001
12.7,0.001,0.001,0.001
12.705,0.001,0.001,0.001
12.71,0.001,0.001,0.001
12.715,0.001,0.001,0.001
12.72,0.001,0.001,0.001
12.725,0.001,0.001,0.001
12.73,0.001,0.001,0.001
12.735,0.001,0.001,0.001
12.74,0.001,0.001,0.001
12.745,0.001,0.001,0.001
12.75,0.001,0.001,0.001
12.755,0.001,0.001,0.001
12.76,0.001,0.001,0.001
12.765,0.001,0.001,0.001
12.77,0.001,0.001,0.001
12.775,0.001,0.001,0.001
12.78,0.001,0.001,0.001
12.785,0.001,0.001,0.001
12.79,0.001,0.001,0.001
12.795,0.001,0.001,0.001
12.8,0.001,0.001,0.001
12.805,0.001,0.001,0.001
12.81,0.001,0.001,0.001
12.815,0.001,0.001,0.001
12.82,0.001,0.001,0.001
12.825,0.001,0.001,0.001
12.83,0.001,0.001,0.001
12.835,0.001,0.001,0.001
12.84,0.001,0.001,0.001
12.845,0.001,0.001,0.001
12.85,0.001,0.001,0.001
12.855,0.001,0.001,0.001
12.86,0.001,0.001,0.001
12.865,0.001,0.001,0.001
12.87,0.001,0.001,0.001
12.875,0.001,0.001,0.001
12.88,0.001,0.001,0.001
12.885,0.001,0.001,0.001
12.89,0.001,0.001,0.001
12.895,0.001,0.001,0.001
12.9,0.001,0.001,0.001
12.905,0.001,0.001,0.001
12.91,0.001,0.001,0.001
12.915,0.001,0.001,0.001
12.92,0.001,0.001,0.001
12.925,0.001,0.001,0.001
12.93,0.001,0.001,0.001
12.935,0.001,0.001,0.001
12.94,0.001,0.001,0.001
12.945,0.001,0.001,0.001
12.95,0.001,0.001,0.001
12.955,0.001,0.001,0.001
12.96,0.001,0.001,0.001
12.965,0.001,0.001,0.001
12.97,0.001,0.001,0.001
12.975,0.001,0.001,0.001
12.98,0.001,0.001,0.001
12.985,0.001,0.001,0.001
12.99,0.001,0.001,0.001
12.995,0.001,0.001,0.001
13,0.001,0.001,0.001
13.005,0.001,0.001,0.001
13.01,0.001,0.001,0.001
13.015,0.001,0.001,0.001
13.02,0.001,0.001,0.001
13.025,0.001,0.001,0.001
13.03,0.001,0.001,0.001
13.035,0.001,0.001,0.001
13.04,0.001,0.001,0.001
13.045,0.001,0.001,0.001
13.05,0.001,0.001,0.001
13.055,0.001,0.001,0.001
13.06,0.001,0.001,0.001
13.065,0.001,0.001,0.001
13.07,0.001,0.001,0.001
13.075,0.001,0.001,0.001
13.08,0.001,0.001,0.001
13.085,0.001,0.001,0.001
13.09,0.001,0.001,0.001
13.095,0.001,0.001,0.001
13.1,0.001,0.001,0.001
13.105,0.001,0.001,0.001
13.11,0.001,0.001,0.001
13.115,0.001,0.001,0.001
13.12,0.001,0.001,0.001
13.125,0.001,0.001,0.001
13.13,0.001,0.001,0.001
13.135,0.001,0.001,0.001
13.14,0.001,0.001,0.001
13.145,0.001,0.001,0.001
13.15,0.001,0.001,0.001
13.155,0.001,0.001,0.001
13.16,0.001,0.001,0.001
13.165,0.001,0.001,0.001
13.17,0.001,0.001,0.001
13.175,0.001,0.001,0.001
13.18,0.001,0.001,0.001
13.185,0.001,0.001,0.001
13.19,0.001,0.001,0.001
13.195,0.001,0.001,0.001
13.2,0.001,0.001,0.001
13.205,0.001,0.001,0.001
13.21,0.001,0.001,0.001
13.215,0.001,0.001,0.001
13.22,0.001,0.001,0.001
13.225,0.001,0.001,0.001
13.23,0.001,0.001,0.001
13.235,0.001,0.001,0.001
13.24,0.001,0.001,0.001
13.245,0.001,0.001,0.001
13.25,0.001,0.001,0.001
13.255,0.001,0.001,0.001
13.26,0.001,0.001,0.001
13.265,0.001,0.001,0.001
13.27,0.001,0.001,0.001
13.275,0.001,0.001,0.001
13.28,0.001,0.001,0.001
13.285,0.001,0.001,0.001
13.29,0.001,0.001,0.001
13.295,0.001,0.001,0.001
13.3,0.001,0.001,0.001
13.305,0.001,0.001,0.001
13.31,0.001,0.001,0.001
13.315,0.001,0.001,0.001
13.32,0.001,0.001,0.001
13.325,0.001,0.001,0.001
13.33,0.001,0.001,0.001
13.335,0.001,0.001,0.001
13.34,0.001,0.001,0.001
13.345,0.001,0.001,0.001
13.35,0.001,0.001,0.001
13.355,0.001,0.001,0.001
13.36,0.001,0.001,0.001
13.365,0.001,0.001,0.001
13.37,0.001,0.001,0.001
13.375,0.001,0.001,0.001
13.38,0.001,0.001,0.001
13.385,0.001,0.001,0.001
13.39,0.001,0.001,0.001
13.395,0.001,0.001,0.001
13.4,0.001,0.001,0.001
13.405,0.001,0.001,0.001
13.41,0.001,0.001,0.001
13.415,0.001,0.001,0.001
13.42,0.001,0.001,0.001
13.425,0.001,0.001,0.001
13.43,0.001,0.001,0.001
13.435,0.001,0.001,0.001
13.44,0.001,0.001,0.001
13.445,0.001,0.001,0.001
13.45,0.001,0.001,0.001
13.455,0.001,0.001,0.001
13.46,0.001,0.001,0.001
13.465,0.001,0.001,0.001
13.47,0.001,0.001,0.001
13.475,0.001,0.001,0.001
13.48,0.001,0.001,0.001
13.485,0.001,0.001,0.001
13.49,0.001,0.001,0.001
13.495,0.001,0.001,0.001
13.5,0.001,0.001,0.001
13.505,0.001,0.001,0.001
13.51,0.001,0.001,0.001
13.515,0.001,0.001,0.001
13.52,0.001,0.001,0.001
13.525,0.001,0.001,0.001
13.53,0.001,0.001,0.001
13.535,0.001,0.001,0.001
13.54,0.001,0.001,0.001
13.545,0.001,0.001,0.001
13.55,0.001,0.001,0.001
13.555,0.001,0.001,0.001
13.56,0.001,0.001,0.001
13.565,0.001,0.001,0.001
13.57,0.001,0.001,0.001
13.575,0.001,0.001,0.001
13.58,0.001,0.001,0.001
13.585,0.001,0.001,0.001
13.59,0.001,0.001,0.001
13.595,0.001,0.001,0.001
13.6,0.001,0.001,0.001
13.605,0.001,0.001,0.001
13.61,0.001,0.001,0.001
13.615,0.001,0.001,0.001
13.62,0.001,0.001,0.001
13.625,0.001,0.001,0.001
13.63,0.001,0.001,0.001
13.635,0.001,0.001,0.001
13.64,0.001,0.001,0.001
13.645,0.001,0.001,0.001
13.65,0.001,0.001,0.001
13.655,0.001,0.001,0.001
13.66,0.001,0.001,0.001
13.665,0.001,0.001,0.001
13.67,0.001,0.001,0.001
13.675,0.001,0.001,0.001
13.68,0.001,0.001,0.001
13.685,0.001,0.001,0.001
13.69,0.001,0.001,0.001
13.695,0.001,0.001,0.001
13.7,0.001,0.001,0.001
13.705,0.001,0.001,0.001
13.71,0.001,0.001,0.001
13.715,0.001,0.001,0.001
13.72,0.001,0.001,0.001
13.725,0.001,0.001,0.001
13.73,0.001,0.001,0.001
13.735,0.001,0.001,0.001
13.74,0.001,0.001,0.001
13.745,0.001,0.001,0.001
13.75,0.001,0.001,0.001
13.755,0.001,0.001,0.001
13.76,0.001,0.001,0.001
13.765,0.001,0.001,0.001
13.77,0.001,0.001,0.001
13.775,0.001,0.001,0.001
13.78,0.001,0.001,0.001
13.785,0.001,0.001,0.001
13.79,0.001,0.001,0.001
13.795,0.001,0.001,0.001
13.8,0.001,0.001,0.001
13.805,0.001,0.001,0.001
13.81,0.001,0.001,0.001
13.815,0.001,0.001,0.001
13.82,0.001,0.001,0.001
13.825,0.001,0.001,0.001
13.83,0.001,0.001,0.001
13.835,0.001,0.001,0.001
13.84,0.001,0.001,0.001
13.845,0.001,0.001,0.001
13.85,0.001,0.001,0.001
13.855,0.001,0.001,0.001
13.86,0.001,0.001,0.001
13.865,0.001,0.001,0.001
13.87,0.001,0.001,0.001
13.875,0.001,0.001,0.001
13.88,0.001,0.001,0.001
13.885,0.001,0.001,0.001
13.89,0.001,0.001,0.001
13.895,0.001,0.001,0.001
13.9,0.001,0.001,0.001
13.905,0.001,0.001,0.001
13.91,0.001,0.001,0.001
13.915,0.001,0.001,0.001
13.92,0.001,0.001,0.001
13.925,0.001,0.001,0.001
13.93,0.001,0.001,0.001
13.935,0.001,0.001,0.001
13.94,0.001,0.001,0.001
13.945,0.001,0.001,0.001
13.95,0.001,0.001,0.001
13.955,0.001,0.001,0.001
13.96,0.001,0.001,0.001
13.965,0.001,0.001,0.001
13.97,0.001,0.001,0.001
13.975,0.001,0.001,0.001
13.98,0.001,0.001,0.001
13.985,0.001,0.001,0.001
13.99,0.001,0.001,0.001
13.995,0.001,0.001,0.001
14,0.001,0.001,0.001
14.005,0.001,0.001,0.001
14.01,0.001,0.001,0.001
14.015,0.001,0.001,0.001
14.02,0.001,0.001,0.001
14.025,0.001,0.001,0.001
14.03,0.001,0.001,0.001
14.035,0.001,0.001,0.001
14.04,0.001,0.001,0.001
14.045,0.001,0.001,0.001
14.05,0.001,0.001,0.001
14.055,0.001,0.001,0.001
14.06,0.001,0.001,0.001
14.065,0.001,0.001,0.001
14.07,0.001,0.001,0.001
14.075,0.001,0.001,0.001
14.08,0.001,0.001,0.001
14.085,0.001,0.001,0.001
14.09,0.001,0.001,0.001
14.095,0.001,0.001,0.001
14.1,0.001,0.001,0.001
14.105,0.001,0.001,0.001
14.11,0.001,0.001,0.001
14.115,0.001,0.001,0.001
14.12,0.001,0.001,0.001
14.125,0.001,0.001,0.001
14.13,0.001,0.001,0.001
14.135,0.001,0.001,0.001
14.14,0.001,0.001,0.001
14.145,0.001,0.001,0.001
14.15,0.001,0.001,0.001
14.155,0.001,0.001,0.001
14.16,0.001,0.001,0.001
14.165,0.001,0.001,0.001
14.17,0.001,0.001,0.001
14.175,0.001,0.001,0.001
14.18,0.001,0.001,0.001
14.185,0.001,0.001,0.001
14.19,0.001,0.001,0.001
14.195,0.001,0.001,0.001
14.2,0.001,0.001,0.001
14.205,0.001,0.001,0.001
14.21,0.001,0.001,0.001
14.215,0.001,0.001,0.001
14.22,0.001,0.001,0.001
14.225,0.001,0.001,0.001
14.23,0.001,0.001,0.001
14.235,0.001,0.001,0.001
14.24,0.001,0.001,0.001
14.245,0.001,0.001,0.001
14.25,0.001,0.001,0.001
14.255,0.001,0.001,0.001
14.26,0.001,0.001,0.001
14.265,0.001,0.001,0.001
14.27,0.001,0.001,0.001
14.275,0.001,0.001,0.001
14.28,0.001,0.001,0.001
14.285,0.001,0.001,0.001
14.29,0.001,0.001,0.001
14.295,0.001,0.001,0.001
14.3,0.001,0.001,0.001
14.305,0.001,0.001,0.001
14.31,0.001,0.001,0.001
14.315,0.001,0.001,0.001
14.32,0.001,0.001,0.001
14.325,0.001,0.001,0.001
14.33,0.001,0.001,0.001
14.335,0.001,0.001,0.001
14.34,0.001,0.001,0.001
14.345,0.001,0.001,0.001
14.35,0.001,0.001,0.001
14.355,0.001,0.001,0.001
14.36,0.001,0.001,0.001
14.365,0.001,0.001,0.001
14.37,0.001,0.001,0.001
14.375,0.001,0.001,0.001
14.38,0.001,0.001,0.001
14.385,0.001,0.001,0.001
14.39,0.001,0.001,0.001
14.395,0.001,0.001,0.001
14.4,0.001,0.001,0.001
14.405,0.001,0.001,0.001
14.41,0.001,0.001,0.001
14.415,0.001,0.001,0.001
14.42,0.001,0.001,0.001
14.425,0.001,0.001,0.001
14.43,0.001,0.001,0.001
14.435,0.001,0.001,0.001
14.44,0.001,0.001,0.001
14.445,0.001,0.001,0.001
14.45,0.001,0.001,0.001
14.455,0.001,0.001,0.001
14.46,0.001,0.001,0.001
14.465,0.001,0.001,0.001
14.47,0.001,0.001,0.001
14.475,0.001,0.001,0.001
14.48,0.001,0.001,0.001
14.485,0.001,0.001,0.001
14.49,0.001,0.001,0.001
14.495,0.001,0.001,0.001
14.5,0.001,0.001,0.001
14.505,0.001,0.001,0.001
14.51,0.001,0.001,0.001
14.515,0.001,0.001,0.001
14.52,0.001,0.001,0.001
14.525,0.001,0.001,0.001
14.53,0.001,0.001,0.001
14.535,0.001,0.001,0.001
14.54,0.001,0.001,0.001
14.545,0.001,0.001,0.001
14.55,0.001,0.001,0.001
14.555,0.001,0.001,0.001
14.56,0.001,0.001,0.001
14.565,0.001,0.001,0.001
14.57,0.001,0.001,0.001
14.575,0.001,0.001,0.001
14.58,0.001,0.001,0.001
14.585,0.001,0.001,0.001
14.59,0.001,0.001,0.001
14.595,0.001,0.001,0.001
14.6,0.001,0.001,0.001
14.605,0.001,0.001,0.001
14.61,0.001,0.001,0.001
14.615,0.001,0.001,0.001
14.62,0.001,0.001,0.001
14.625,0.001,0.001,0.001
14.63,0.001,0.001,0.001
14.635,0.001,0.001,0.001
14.64,0.001,0.001,0.001
14.645,0.001,0.001,0.001
14.65,0.001,0.001,0.001
14.655,0.001,0.001,0.001
14.66,0.001,0.001,0.001
14.665,0.001,0.001,0.001
14.67,0.001,0.001,0.001
14.675,0.001,0.001,0.001
14.68,0.001,0.001,0.001
14.685,0.001,0.001,0.001
14.69,0.001,0.001,0.001
14.695,0.001,0.001,0.001
14.7,0.001,0.001,0.001
14.705,0.001,0.001,0.001
14.71,0.001,0.001,0.001
14.715,0.001,0.001,0.001
14.72,0.001,0.001,0.001
14.725,0.001,0.001,0.001
14.73,0.001,0.001,0.001
14.735,0.001,0.001,0.001
14.74,0.001,0.001,0.001
14.745,0.001,0.001,0.001
14.75,0.001,0.001,0.001
14.755,0.001,0.001,0.001
14.76,0.001,0.001,0.001
14.765,0.001,0.001,0.001
14.77,0.001,0.001,0.001
14.775,0.001,0.001,0.001
14.78,0.001,0.001,0.001
14.785,0.001,0.001,0.001
14.79,0.001,0.001,0.001
14.795,0.001,0.001,0.001
14.8,0.001,0.001,0.001
14.805,0.001,0.001,0.001
14.81,0.001,0.001,0.001
14.815,0.001,0.001,0.001
14.82,0.001,0.001,0.001
14.825,0.001,0.001,0.001
14.83,0.001,0.001,0.001
14.835,0.001,0.001,0.001
14.84,0.001,0.001,0.001
14.845,0.001,0.001,0.001
14.85,0.001,0.001,0.001
14.855,0.001,0.001,0.001
14.86,0.001,0.001,0.001
14.865,0.001,0.001,0.001
14.87,0.001,0.001,0.001
14.875,0.001,0.001,0.001
14.88,0.001,0.001,0.001
14.885,0.001,0.001,0.001
14.89,0.001,0.001,0.001
14.895,0.001,0.001,0.001
14.9,0.001,0.001,0.001
14.905,0.001,0.001,0.001
14.91,0.001,0.001,0.001
14.915,0.001,0.001,0.001
14.92,0.001,0.001,0.001
14.925,0.001,0.001,0.001
14.93,0.001,0.001,0.001
14.935,0.001,0.001,0.001
14.94,0.001,0.001,0.001
14.945,0.001,0.001,0.001
14.95,0.001,0.001,0.001
14.955,0.001,0.001,0.001
14.96,0.001,0.001,0.001
14.965,0.001,0.001,0.001
14.97,0.001,0.001,0.001
14.975,0.001,0.001,0.001
14.98,0.001,0.001,0.001
14.985,0.001,0.001,0.001
14.99,0.001,0.001,0.001
14.995,0.001,0.001,0.001
15,0.001,0.001,0.001
15.005,0.001,0.001,0.001
15.01,0.001,0.001,0.001
15.015,0.001,0.001,0.001
15.02,0.001,0.001,0.001
15.025,0.001,0.001,0.001
15.03,0.001,0.001,0.001
15.035,0.001,0.001,0.001
15.04,0.001,0.001,0.001
15.045,0.001,0.001,0.001
15.05,0.001,0.001,0.001
15.055,0.001,0.001,0.001
15.06,0.001,0.001,0.001
15.065,0.001,0.001,0.001
15.07,0.001,0.001,0.001
15.075,0.001,0.001,0.001
15.08,0.001,0.001,0.001
15.085,0.001,0.001,0.001
15.09,0.001,0.001,0.001
15.095,0.001,0.001,0.001
15.1,0.001,0.001,0.001
15.105,0.001,0.001,0.001
15.11,0.001,0.001,0.001
15.115,0.001,0.001,0.001
15.12,0.001,0.001,0.001
15.125,0.001,0.001,0.001
15.13,0.001,0.001,0.001
15.135,0.001,0.001,0.001
15.14,0.001,0.001,0.001
15.145,0.001,0.001,0.001
15.15,0.001,0.001,0.001
15.155,0.001,0.001,0.001
15.16,0.001,0.001,0.001
15.165,0.001,0.001,0.001
15.17,0.001,0.001,0.001
15.175,0.001,0.001,0.001
15.18,0.001,0.001,0.001
15.185,0.001,0.001,0.001
15.19,0.001,0.001,0.001
15.195,0.001,0.001,0.001
15.2,0.001,0.001,0.001
15.205,0.001,0.001,0.001
15.21,0.001,0.001,0.001
15.215,0.001,0.001,0.001
15.22,0.001,0.001,0.001
15.225,0.001,0.001,0.001
15.23,0.001,0.001,0.001
15.235,0.001,0.001,0.001
15.24,0.001,0.001,0.001
15.245,0.001,0.001,0.001
15.25,0.001,0.001,0.001
15.255,0.001,0.001,0.001
15.26,0.001,0.001,0.001
15.265,0.001,0.001,0.001
15.27,0.001,0.001,0.001
15.275,0.001,0.001,0.001
15.28,0.001,0.001,0.001
15.285,0.001,0.001,0.001
15.29,0.001,0.001,0.001
15.295,0.001,0.001,0.001
15.3,0.001,0.001,0.001
15.305,0.001,0.001,0.001
15.31,0.001,0.001,0.001
15.315,0.001,0.001,0.001
15.32,0.001,0.001,0.001
15.325,0.001,0.001,0.001
15.33,0.001,0.001,0.001
15.335,0.001,0.001,0.001
15.34,0.001,0.001,0.001
15.345,0.001,0.001,0.001
15.35,0.001,0.001,0.001
15.355,0.001,0.001,0.001
15.36,0.001,0.001,0.001
15.365,0.001,0.001,0.001
15.37,0.001,0.001,0.001
15.375,0.001,0.001,0.001
15.38,0.001,0.001,0.001
15.385,0.001,0.001,0.001
15.39,0.001,0.001,0.001
15.395,0.001,0.001,0.001
15.4,0.001,0.001,0.001
15.405,0.001,0.001,0.001
15.41,0.001,0.001,0.001
15.415,0.001,0.001,0.001
15.42,0.001,0.001,0.001
15.425,0.001,0.001,0.001
15.43,0.001,0.001,0.001
15.435,0.001,0.001,0.001
15.44,0.001,0.001,0.001
15.445,0.001,0.001,0.001
15.45,0.001,0.001,0.001
15.455,0.001,0.001,0.001
15.46,0.001,0.001,0.001
15.465,0.001,0.001,0.001
15.47,0.001,0.001,0.001
15.475,0.001,0.001,0.001
15.48,0.001,0.001,0.001
15.485,0.001,0.001,0.001
15.49,0.001,0.001,0.001
15.495,0.001,0.001,0.001
15.5,0.001,0.001,0.001
15.505,0.001,0.001,0.001
15.51,0.001,0.001,0.001
15.515,0.001,0.001,0.001
15.52,0.001,0.001,0.001
15.525,0.001,0.001,0.001
15.53,0.001,0.001,0.001
15.535,0.001,0.001,0.001
15.54,0.001,0.001,0.001
15.545,0.001,0.001,0.001
15.55,0.001,0.001,0.001
15.555,0.001,0.001,0.001
15.56,0.001,0.001,0.001
15.565,0.001,0.001,0.001
15.57,0.001,0.001,0.001
15.575,0.001,0.001,0.001
15.58,0.001,0.001,0.001
15.585,0.001,0.001,0.001
15.59,0.001,0.001,0.001
15.595,0.001,0.001,0.001
15.6,0.001,0.001,0.001
15.605,0.001,0.001,0.001
15.61,0.001,0.001,0.001
15.615,0.001,0.001,0.001
15.62,0.001,0.001,0.001
15.625,0.001,0.001,0.001
15.63,0.001,0.001,0.001
15.635,0.001,0.001,0.001
15.64,0.001,0.001,0.001
15.645,0.001,0.001,0.001
15.65,0.001,0.001,0.001
15.655,0.001,0.001,0.001
15.66,0.001,0.001,0.001
15.665,0.001,0.001,0.001
15.67,0.001,0.001,0.001
15.675,0.001,0.001,0.001
15.68,0.001,0.001,0.001
15.685,0.001,0.001,0.001
15.69,0.001,0.001,0.001
15.695,0.001,0.001,0.001
15.7,0.001,0.001,0.001
15.705,0.001,0.001,0.001
15.71,0.001,0.001,0.001
15.715,0.001,0.001,0.001
15.72,0.001,0.001,0.001
15.725,0.001,0.001,0.001
15.73,0.001,0.001,0.001
15.735,0.001,0.001,0.001
15.74,0.001,0.001,0.001
15.745,0.001,0.001,0.001
15.75,0.001,0.001,0.001
15.755,0.001,0.001,0.001
15.76,0.001,0.001,0.001
15.765,0.001,0.001,0.001
15.77,0.001,0.001,0.001
15.775,0.001,0.001,0.001
15.78,0.001,0.001,0.001
15.785,0.001,0.001,0.001
15.79,0.001,0.001,0.001
15.795,0.001,0.001,0.001
15.8,0.001,0.001,0.001
15.805,0.001,0.001,0.001
15.81,0.001,0.001,0.001
15.815,0.001,0.001,0.001
15.82,0.001,0.001,0.001
15.825,0.001,0.001,0.001
15.83,0.001,0.001,0.001
15.835,0.001,0.001,0.001
15.84,0.001,0.001,0.001
15.845,0.001,0.001,0.001
15.85,0.001,0.001,0.001
15.855,0.001,0.001,0.001
15.86,0.001,0.001,0.001
15.865,0.001,0.001,0.001
15.87,0.001,0.001,0.001
15.875,0.001,0.001,0.001
15.88,0.001,0.001,0.001
15.885,0.001,0.001,0.001
15.89,0.001,0.001,0.001
15.895,0.001,0.001,0.001
15.9,0.001,0.001,0.001
15.905,0.001,0.001,0.001
15.91,0.001,0.001,0.001
15.915,0.001,0.001,0.001
15.92,0.001,0.001,0.001
15.925,0.001,0.001,0.001
15.93,0.001,0.001,0.001
15.935,0.001,0.001,0.001
15.94,0.001,0.001,0.001
15.945,0.001,0.001,0.001
15.95,0.001,0.001,0.001
15.955,0.001,0.001,0.001
15.96,0.001,0.001,0.001
15.965,0.001,0.001,0.001
15.97,0.001,0.001,0.001
15.975,0.001,0.001,0.001
15.98,0.001,0.001,0.001
15.985,0.001,0.001,0.001
15.99,0.001,0.001,0.001
15.995,0.001,0.001,0.001
16,0.001,0.001,0.001
16.005,0.001,0.001,0.001
16.01,0.001,0.001,0.001
16.015,0.001,0.001,0.001
16.02,0.001,0.001,0.001
16.025,0.001,0.001,0.001
16.03,0.001,0.001,0.001
16.035,0.001,0.001,0.001
16.04,0.001,0.001,0.001
16.045,0.001,0.001,0.001
16.05,0.001,0.001,0.001
16.055,0.001,0.001,0.001
16.06,0.001,0.001,0.001
16.065,0.001,0.001,0.001
16.07,0.001,0.001,0.001
16.075,0.001,0.001,0.001
16.08,0.001,0.001,0.001
16.085,0.001,0.001,0.001
16.09,0.001,0.001,0.001
16.095,0.001,0.001,0.001
16.1,0.001,0.001,0.001
16.105,0.001,0.001,0.001
16.11,0.001,0.001,0.001
16.115,0.001,0.001,0.001
16.12,0.001,0.001,0.001
16.125,0.001,0.001,0.001
16.13,0.001,0.001,0.001
16.135,0.001,0.001,0.001
16.14,0.001,0.001,0.001
16.145,0.001,0.001,0.001
16.15,0.001,0.001,0.001
16.155,0.001,0.001,0.001
16.16,0.001,0.001,0.001
16.165,0.001,0.001,0.001
16.17,0.001,0.001,0.001
16.175,0.001,0.001,0.001
16.18,0.001,0.001,0.001
16.185,0.001,0.001,0.001
16.19,0.001,0.001,0.001
16.195,0.001,0.001,0.001
16.2,0.001,0.001,0.001
16.205,0.001,0.001,0.001
16.21,0.001,0.001,0.001
16.215,0.001,0.001,0.001
16.22,0.001,0.001,0.001
16.225,0.001,0.001,0.001
16.23,0.001,0.001,0.001
16.235,0.001,0.001,0.001
16.24,0.001,0.001,0.001
16.245,0.001,0.001,0.001
16.25,0.001,0.001,0.001
16.255,0.001,0.001,0.001
16.26,0.001,0.001,0.001
16.265,0.001,0.001,0.001
16.27,0.001,0.001,0.001
16.275,0.001,0.001,0.001
16.28,0.001,0.001,0.001
16.285,0.001,0.001,0.001
16.29,0.001,0.001,0.001
16.295,0.001,0.001,0.001
16.3,0.001,0.001,0.001
16.305,0.001,0.001,0.001
16.31,0.001,0.001,0.001
16.315,0.001,0.001,0.001
16.32,0.001,0.001,0.001
16.325,0.001,0.001,0.001
16.33,0.001,0.001,0.001
16.335,0.001,0.001,0.001
16.34,0.001,0.001,0.001
16.345,0.001,0.001,0.001
16.35,0.001,0.001,0.001
16.355,0.001,0.001,0.001
16.36,0.001,0.001,0.001
16.365,0.001,0.001,0.001
16.37,0.001,0.001,0.001
16.375,0.001,0.001,0.001
16.38,0.001,0.001,0.001
16.385,0.001,0.001,0.001
16.39,0.001,0.001,0.001
16.395,0.001,0.001,0.001
16.4,0.001,0.001,0.001
16.405,0.001,0.001,0.001
16.41,0.001,0.001,0.001
16.415,0.001,0.001,0.001
16.42,0.001,0.001,0.001
16.425,0.001,0.001,0.001
16.43,0.001,0.001,0.001
16.435,0.001,0.001,0.001
16.44,0.001,0.001,0.001
16.445,0.001,0.001,0.001
16.45,0.001,0.001,0.001
16.455,0.001,0.001,0.001
16.46,0.001,0.001,0.001
16.465,0.001,0.001,0.001
16.47,0.001,0.001,0.001
16.475,0.001,0.001,0.001
16.48,0.001,0.001,0.001
16.485,0.001,0.001,0.001
16.49,0.001,0.001,0.001
16.495,0.001,0.001,0.001
16.5,0.001,0.001,0.001
16.505,0.001,0.001,0.001
16.51,0.001,0.001,0.001
16.515,0.001,0.001,0.001
16.52,0.001,0.001,0.001
16.525,0.001,0.001,0.001
16.53,0.001,0.001,0.001
16.535,0.001,0.001,0.001
16.54,0.001,0.001,0.001
16.545,0.001,0.001,0.001
16.55,0.001,0.001,0.001
16.555,0.001,0.001,0.001
16.56,0.001,0.001,0.001
16.565,0.001,0.001,0.001
16.57,0.001,0.001,0.001
16.575,0.001,0.001,0.001
16.58,0.001,0.001,0.001
16.585,0.001,0.001,0.001
16.59,0.001,0.001,0.001
16.595,0.001,0.001,0.001
16.6,0.001,0.001,0.001
16.605,0.001,0.001,0.001
16.61,0.001,0.001,0.001
16.615,0.001,0.001,0.001
16.62,0.001,0.001,0.001
16.625,0.001,0.001,0.001
16.63,0.001,0.001,0.001
16.635,0.001,0.001,0.001
16.64,0.001,0.001,0.001
16.645,0.001,0.001,0.001
16.65,0.001,0.001,0.001
16.655,0.001,0.001,0.001
16.66,0.001,0.001,0.001
16.665,0.001,0.001,0.001
16.67,0.001,0.001,0.001
16.675,0.001,0.001,0.001
16.68,0.001,0.001,0.001
16.685,0.001,0.001,0.001
16.69,0.001,0.001,0.001
16.695,0.001,0.001,0.001
16.7,0.001,0.001,0.001
16.705,0.001,0.001,0.001
16.71,0.001,0.001,0.001
16.715,0.001,0.001,0.001
16.72,0.001,0.001,0.001
16.725,0.001,0.001,0.001
16.73,0.001,0.001,0.001
16.735,0.001,0.001,0.001
16.74,0.001,0.001,0.001
16.745,0.001,0.001,0.001
16.75,0.001,0.001,0.001
16.755,0.001,0.001,0.001
16.76,0.001,0.001,0.001
16.765,0.001,0.001,0.001
16.77,0.001,0.001,0.001
16.775,0.001,0.001,0.001
16.78,0.001,0.001,0.001
16.785,0.001,0.001,0.001
16.79,0.001,0.001,0.001
16.795,0.001,0.001,0.001
16.8,0.001,0.001,0.001
16.805,0.001,0.001,0.001
16.81,0.001,0.001,0.001
16.815,0.001,0.001,0.001
16.82,0.001,0.001,0.001
16.825,0.001,0.001,0.001
16.83,0.001,0.001,0.001
16.835,0.001,0.001,0.001
16.84,0.001,0.001,0.001
16.845,0.001,0.001,0.001
16.85,0.001,0.001,0.001
16.855,0.001,0.001,0.001
16.86,0.001,0.001,0.001
16.865,0.001,0.001,0.001
16.87,0.001,0.001,0.001
16.875,0.001,0.001,0.001
16.88,0.001,0.001,0.001
16.885,0.001,0.001,0.001
16.89,0.001,0.001,0.001
16.895,0.001,0.001,0.001
16.9,0.001,0.001,0.001
16.905,0.001,0.001,0.001
16.91,0.001,0.001,0.001
16.915,0.001,0.001,0.001
16.92,0.001,0.001,0.001
16.925,0.001,0.001,0.001
16.93,0.001,0.001,0.001
16.935,0.001,0.001,0.001
16.94,0.001,0.001,0.001
16.945,0.001,0.001,0.001
16.95,0.001,0.001,0.001
16.955,0.001,0.001,0.001
16.96,0.001,0.001,0.001
16.965,0.001,0.001,0.001
16.97,0.001,0.001,0.001
16.975,0.001,0.001,0.001
16.98,0.001,0.001,0.001
16.985,0.001,0.001,0.001
16.99,0.001,0.001,0.001
16.995,0.001,0.001,0.001
17,0.001,0.001,0.001
17.005,0.001,0.001,0.001
17.01,0.001,0.001,0.001
17.015,0.001,0.001,0.001
17.02,0.001,0.001,0.001
17.025,0.001,0.001,0.001
17.03,0.001,0.001,0.001
17.035,0.001,0.001,0.001
17.04,0.001,0.001,0.001
17.045,0.001,0.001,0.001
17.05,0.001,0.001,0.001
17.055,0.001,0.001,0.001
17.06,0.001,0.001,0.001
17.065,0.001,0.001,0.001
17.07,0.001,0.001,0.001
17.075,0.001,0.001,0.001
17.08,0.001,0.001,0.001
17.085,0.001,0.001,0.001
17.09,0.001,0.001,0.001
17.095,0.001,0.001,0.001
17.1,0.001,0.001,0.001
17.105,0.001,0.001,0.001
17.11,0.001,0.001,0.001
17.115,0.001,0.001,0.001
17.12,0.001,0.001,0.001
17.125,0.001,0.001,0.001
17.13,0.001,0.001,0.001
17.135,0.001,0.001,0.001
17.14,0.001,0.001,0.001
17.145,0.001,0.001,0.001
17.15,0.001,0.001,0.001
17.155,0.001,0.001,0.001
17.16,0.001,0.001,0.001
17.165,0.001,0.001,0.001
17.17,0.001,0.001,0.001
17.175,0.001,0.001,0.001
17.18,0.001,0.001,0.001
17.185,0.001,0.001,0.001
17.19,0.001,0.001,0.001
17.195,0.001,0.001,0.001
17.2,0.001,0.001,0.001
17.205,0.001,0.001,0.001
17.21,0.001,0.001,0.001
17.215,0.001,0.001,0.001
17.22,0.001,0.001,0.001
17.225,0.001,0.001,0.001
17.23,0.001,0.001,0.001
17.235,0.001,0.001,0.001
17.24,0.001,0.001,0.001
17.245,0.001,0.001,0.001
17.25,0.001,0.001,0.001
17.255,0.001,0.001,0.001
17.26,0.001,0.001,0.001
17.265,0.001,0.001,0.001
17.27,0.001,0.001,0.001
17.275,0.001,0.001,0.001
17.28,0.001,0.001,0.001
17.285,0.001,0.001,0.001
17.29,0.001,0.001,0.001
17.295,0.001,0.001,0.001
17.3,0.001,0.001,0.001
17.305,0.001,0.001,0.001
17.31,0.001,0.001,0.001
17.315,0.001,0.001,0.001
17.32,0.001,0.001,0.001
17.325,0.001,0.001,0.001
17.33,0.001,0.001,0.001
17.335,0.001,0.001,0.001
17.34,0.001,0.001,0.001
17.345,0.001,0.001,0.001
17.35,0.001,0.001,0.001
17.355,0.001,0.001,0.001
17.36,0.001,0.001,0.001
17.365,0.001,0.001,0.001
17.37,0.001,0.001,0.001
17.375,0.001,0.001,0.001
17.38,0.001,0.001,0.001
17.385,0.001,0.001,0.001
17.39,0.001,0.001,0.001
17.395,0.001,0.001,0.001
17.4,0.001,0.001,0.001
17.405,0.001,0.001,0.001
17.41,0.001,0.001,0.001
17.415,0.001,0.001,0.001
17.42,0.001,0.001,0.001
17.425,0.001,0.001,0.001
17.43,0.001,0.001,0.001
17.435,0.001,0.001,0.001
17.44,0.001,0.001,0.001
17.445,0.001,0.001,0.001
17.45,0.001,0.001,0.001
17.455,0.001,0.001,0.001
17.46,0.001,0.001,0.001
17.465,0.001,0.001,0.001
17.47,0.001,0.001,0.001
17.475,0.001,0.001,0.001
17.48,0.001,0.001,0.001
17.485,0.001,0.001,0.001
17.49,0.001,0.001,0.001
17.495,0.001,0.001,0.001
17.5,0.001,0.001,0.001
17.505,0.001,0.001,0.001
17.51,0.001,0.001,0.001
17.515,0.001,0.001,0.001
17.52,0.001,0.001,0.001
17.525,0.001,0.001,0.001
17.53,0.001,0.001,0.001
17.535,0.001,0.001,0.001
17.54,0.001,0.001,0.001
17.545,0.001,0.001,0.001
17.55,0.001,0.001,0.001
17.555,0.001,0.001,0.001
17.56,0.001,0.001,0.001
17.565,0.001,0.001,0.001
17.57,0.001,0.001,0.001
17.575,0.001,0.001,0.001
17.58,0.001,0.001,0.001
17.585,0.001,0.001,0.001
17.59,0.001,0.001,0.001
17.595,0.001,0.001,0.001
17.6,0.001,0.001,0.001
17.605,0.001,0.001,0.001
17.61,0.001,0.001,0.001
17.615,0.001,0.001,0.001
17.62,0.001,0.001,0.001
17.625,0.001,0.001,0.001
17.63,0.001,0.001,0.001
17.635,0.001,0.001,0.001
17.64,0.001,0.001,0.001
17.645,0.001,0.001,0.001
17.65,0.001,0.001,0.001
17.655,0.001,0.001,0.001
17.66,0.001,0.001,0.001
17.665,0.001,0.001,0.001
17.67,0.001,0.001,0.001
17.675,0.001,0.001,0.001
17.68,0.001,0.001,0.001
17.685,0.001,0.001,0.001
17.69,0.001,0.001,0.001
17.695,0.001,0.001,0.001
17.7,0.001,0.001,0.001
17.705,0.001,0.001,0.001
17.71,0.001,0.001,0.001
17.715,0.001,0.001,0.001
17.72,0.001,0.001,0.001
17.725,0.001,0.001,0.001
17.73,0.001,0.001,0.001
17.735,0.001,0.001,0.001
17.74,0.001,0.001,0.001
17.745,0.001,0.001,0.001
17.75,0.001,0.001,0.001
17.755,0.001,0.001,0.001
17.76,0.001,0.001,0.001
17.765,0.001,0.001,0.001
17.77,0.001,0.001,0.001
17.775,0.001,0.001,0.001
17.78,0.001,0.001,0.001
17.785,0.001,0.001,0.001
17.79,0.001,0.001,0.001
17.795,0.001,0.001,0.001
17.8,0.001,0.001,0.001
17.805,0.001,0.001,0.001
17.81,0.001,0.001,0.001
17.815,0.001,0.001,0.001
17.82,0.001,0.001,0.001
17.825,0.001,0.001,0.001
17.83,0.001,0.001,0.001
17.835,0.001,0.001,0.001
17.84,0.001,0.001,0.001
17.845,0.001,0.001,0.001
17.85,0.001,0.001,0.001
17.855,0.001,0.001,0.001
17.86,0.001,0.001,0.001
17.865,0.001,0.001,0.001
17.87,0.001,0.001,0.001
17.875,0.001,0.001,0.001
17.88,0.001,0.001,0.001
17.885,0.001,0.001,0.001
17.89,0.001,0.001,0.001
17.895,0.001,0.001,0.001
17.9,0.001,0.001,0.001
17.905,0.001,0.001,0.001
17.91,0.001,0.001,0.001
17.915,0.001,0.001,0.001
17.92,0.001,0.001,0.001
17.925,0.001,0.001,0.001
17.93,0.001,0.001,0.001
17.935,0.001,0.001,0.001
17.94,0.001,0.001,0.001
17.945,0.001,0.001,0.001
17.95,0.001,0.001,0.001
17.955,0.001,0.001,0.001
17.96,0.001,0.001,0.001
17.965,0.001,0.001,0.001
17.97,0.001,0.001,0.001
17.975,0.001,0.001,0.001
17.98,0.001,0.001,0.001
17.985,0.001,0.001,0.001
17.99,0.001,0.001,0.001
17.995,0.001,0.001,0.001
18,0.001,0.001,0.001
18.005,0.001,0.001,0.001
18.01,0.001,0.001,0.001
18.015,0.001,0.001,0.001
18.02,0.001,0.001,0.001
18.025,0.001,0.001,0.001
18.03,0.001,0.001,0.001
18.035,0.001,0.001,0.001
18.04,0.001,0.001,0.001
18.045,0.001,0.001,0.001
18.05,0.001,0.001,0.001
18.055,0.001,0.001,0.001
18.06,0.001,0.001,0.001
18.065,0.001,0.001,0.001
18.07,0.001,0.001,0.001
18.075,0.001,0.001,0.001
18.08,0.001,0.001,0.001
18.085,0.001,0.001,0.001
18.09,0.001,0.001,0.001
18.095,0.001,0.001,0.001
18.1,0.001,0.001,0.001
18.105,0.001,0.001,0.001
18.11,0.001,0.001,0.001
18.115,0.001,0.001,0.001
18.12,0.001,0.001,0.001
18.125,0.001,0.001,0.001
18.13,0.001,0.001,0.001
18.135,0.001,0.001,0.001
18.14,0.001,0.001,0.001
18.145,0.001,0.001,0.001
18.15,0.001,0.001,0.001
18.155,0.001,0.001,0.001
18.16,0.001,0.001,0.001
18.165,0.001,0.001,0.001
18.17,0.001,0.001,0.001
18.175,0.001,0.001,0.001
18.18,0.001,0.001,0.001
18.185,0.001,0.001,0.001
18.19,0.001,0.001,0.001
18.195,0.001,0.001,0.001
18.2,0.001,0.001,0.001
18.205,0.001,0.001,0.001
18.21,0.001,0.001,0.001
18.215,0.001,0.001,0.001
18.22,0.001,0.001,0.001
18.225,0.001,0.001,0.001
18.23,0.001,0.001,0.001
18.235,0.001,0.001,0.001
18.24,0.001,0.001,0.001
18.245,0.001,0.001,0.001
18.25,0.001,0.001,0.001
18.255,0.001,0.001,0.001
18.26,0.001,0.001,0.001
18.265,0.001,0.001,0.001
18.27,0.001,0.001,0.001
18.275,0.001,0.001,0.001
18.28,0.001,0.001,0.001
18.285,0.001,0.001,0.001
18.29,0.001,0.001,0.001
18.295,0.001,0.001,0.001
18.3,0.001,0.001,0.001
18.305,0.001,0.001,0.001
18.31,0.001,0.001,0.001
18.315,0.001,0.001,0.001
18.32,0.001,0.001,0.001
18.325,0.001,0.001,0.001
18.33,0.001,0.001,0.001
18.335,0.001,0.001,0.001
18.34,0.001,0.001,0.001
18.345,0.001,0.001,0.001
18.35,0.001,0.001,0.001
18.355,0.001,0.001,0.001
18.36,0.001,0.001,0.001
18.365,0.001,0.001,0.001
18.37,0.001,0.001,0.001
18.375,0.001,0.001,0.001
18.38,0.001,0.001,0.001
18.385,0.001,0.001,0.001
18.39,0.001,0.001,0.001
18.395,0.001,0.001,0.001
18.4,0.001,0.001,0.001
18.405,0.001,0.001,0.001
18.41,0.001,0.001,0.001
18.415,0.001,0.001,0.001
18.42,0.001,0.001,0.001
18.425,0.001,0.001,0.001
18.43,0.001,0.001,0.001
18.435,0.001,0.001,0.001
18.44,0.001,0.001,0.001
18.445,0.001,0.001,0.001
18.45,0.001,0.001,0.001
18.455,0.001,0.001,0.001
18.46,0.001,0.001,0.001
18.465,0.001,0.001,0.001
18.47,0.001,0.001,0.001
18.475,0.001,0.001,0.001
18.48,0.001,0.001,0.001
18.485,0.001,0.001,0.001
18.49,0.001,0.001,0.001
18.495,0.001,0.001,0.001
18.5,0.001,0.001,0.001
18.505,0.001,0.001,0.001
18.51,0.001,0.001,0.001
18.515,0.001,0.001,0.001
18.52,0.001,0.001,0.001
18.525,0.001,0.001,0.001
18.53,0.001,0.001,0.001
18.535,0.001,0.001,0.001
18.54,0.001,0.001,0.001
18.545,0.001,0.001,0.001
18.55,0.001,0.001,0.001
18.555,0.001,0.001,0.001
18.56,0.001,0.001,0.001
18.565,0.001,0.001,0.001
18.57,0.001,0.001,0.001
18.575,0.001,0.001,0.001
18.58,0.001,0.001,0.001
18.585,0.001,0.001,0.001
18.59,0.001,0.001,0.001
18.595,0.001,0.001,0.001
18.6,0.001,0.001,0.001
18.605,0.001,0.001,0.001
18.61,0.001,0.001,0.001
18.615,0.001,0.001,0.001
18.62,0.001,0.001,0.001
18.625,0.001,0.001,0.001
18.63,0.001,0.001,0.001
18.635,0.001,0.001,0.001
18.64,0.001,0.001,0.001
18.645,0.001,0.001,0.001
18.65,0.001,0.001,0.001
18.655,0.001,0.001,0.001
18.66,0.001,0.001,0.001
18.665,0.001,0.001,0.001
18.67,0.001,0.001,0.001
18.675,0.001,0.001,0.001
18.68,0.001,0.001,0.001
18.685,0.001,0.001,0.001
18.69,0.001,0.001,0.001
18.695,0.001,0.001,0.001
18.7,0.001,0.001,0.001
18.705,0.001,0.001,0.001
18.71,0.001,0.001,0.001
18.715,0.001,0.001,0.001
18.72,0.001,0.001,0.001
18.725,0.001,0.001,0.001
18.73,0.001,0.001,0.001
18.735,0.001,0.001,0.001
18.74,0.001,0.001,0.001
18.745,0.001,0.001,0.001
18.75,0.001,0.001,0.001
18.755,0.001,0.001,0.001
18.76,0.001,0.001,0.001
18.765,0.001,0.001,0.001
18.77,0.001,0.001,0.001
18.775,0.001,0.001,0.001
18.78,0.001,0.001,0.001
18.785,0.001,0.001,0.001
18.79,0.001,0.001,0.001
18.795,0.001,0.001,0.001
18.8,0.001,0.001,0.001
18.805,0.001,0.001,0.001
18.81,0.001,0.001,0.001
18.815,0.001,0.001,0.001
18.82,0.001,0.001,0.001
18.825,0.001,0.001,0.001
18.83,0.001,0.001,0.001
18.835,0.001,0.001,0.001
18.84,0.001,0.001,0.001
18.845,0.001,0.001,0.001
18.85,0.001,0.001,0.001
18.855,0.001,0.001,0.001
18.86,0.001,0.001,0.001
18.865,0.001,0.001,0.001
18.87,0.001,0.001,0.001
18.875,0.001,0.001,0.001
18.88,0.001,0.001,0.001
18.885,0.001,0.001,0.001
18.89,0.001,0.001,0.001
18.895,0.001,0.001,0.001
18.9,0.001,0.001,0.001
18.905,0.001,0.001,0.001
18.91,0.001,0.001,0.001
18.915,0.001,0.001,0.001
18.92,0.001,0.001,0.001
18.925,0.001,0.001,0.001
18.93,0.001,0.001,0.001
18.935,0.001,0.001,0.001
18.94,0.001,0.001,0.001
18.945,0.001,0.001,0.001
18.95,0.001,0.001,0.001
18.955,0.001,0.001,0.001
18.96,0.001,0.001,0.001
18.965,0.001,0.001,0.001
18.97,0.001,0.001,0.001
18.975,0.001,0.001,0.001
18.98,0.001,0.001,0.001
18.985,0.001,0.001,0.001
18.99,0.001,0.001,0.001
18.995,0.001,0.001,0.001
19,0.001,0.001,0.001
19.005,0.001,0.001,0.001
19.01,0.001,0.001,0.001
19.015,0.001,0.001,0.001
19.02,0.001,0.001,0.001
19.025,0.001,0.001,0.001
19.03,0.001,0.001,0.001
19.035,0.001,0.001,0.001
19.04,0.001,0.001,0.001
19.045,0.001,0.001,0.001
19.05,0.001,0.001,0.001
19.055,0.001,0.001,0.001
19.06,0.001,0.001,0.001
19.065,0.001,0.001,0.001
19.07,0.001,0.001,0.001
19.075,0.001,0.001,0.001
19.08,0.001,0.001,0.001
19.085,0.001,0.001,0.001
19.09,0.001,0.001,0.001
19.095,0.001,0.001,0.001
19.1,0.001,0.001,0.001
19.105,0.001,0.001,0.001
19.11,0.001,0.001,0.001
19.115,0.001,0.001,0.001
19.12,0.001,0.001,0.001
19.125,0.001,0.001,0.001
19.13,0.001,0.001,0.001
19.135,0.001,0.001,0.001
19.14,0.001,0.001,0.001
19.145,0.001,0.001,0.001
19.15,0.001,0.001,0.001
19.155,0.001,0.001,0.001
19.16,0.001,0.001,0.001
19.165,0.001,0.001,0.001
19.17,0.001,0.001,0.001
19.175,0.001,0.001,0.001
19.18,0.001,0.001,0.001
19.185,0.001,0.001,0.001
19.19,0.001,0.001,0.001
19.195,0.001,0.001,0.001
19.2,0.001,0.001,0.001
19.205,0.001,0.001,0.001
19.21,0.001,0.001,0.001
19.215,0.001,0.001,0.001
19.22,0.001,0.001,0.001
19.225,0.001,0.001,0.001
19.23,0.001,0.001,0.001
19.235,0.001,0.001,0.001
19.24,0.001,0.001,0.001
19.245,0.001,0.001,0.001
19.25,0.001,0.001,0.001
19.255,0.001,0.001,0.001
19.26,0.001,0.001,0.001
19.265,0.001,0.001,0.001
19.27,0.001,0.001,0.001
19.275,0.001,0.001,0.001
19.28,0.001,0.001,0.001
19.285,0.001,0.001,0.001
19.29,0.001,0.001,0.001
19.295,0.001,0.001,0.001
19.3,0.001,0.001,0.001
19.305,0.001,0.001,0.001
19.31,0.001,0.001,0.001
19.315,0.001,0.001,0.001
19.32,0.001,0.001,0.001
19.325,0.001,0.001,0.001
19.33,0.001,0.001,0.001
19.335,0.001,0.001,0.001
19.34,0.001,0.001,0.001
19.345,0.001,0.001,0.001
19.35,0.001,0.001,0.001
19.355,0.001,0.001,0.001
19.36,0.001,0.001,0.001
19.365,0.001,0.001,0.001
19.37,0.001,0.001,0.001
19.375,0.001,0.001,0.001
19.38,0.001,0.001,0.001
19.385,0.001,0.001,0.001
19.39,0.001,0.001,0.001
19.395,0.001,0.001,0.001
19.4,0.001,0.001,0.001
19.405,0.001,0.001,0.001
19.41,0.001,0.001,0.001
19.415,0.001,0.001,0.001
19.42,0.001,0.001,0.001
19.425,0.001,0.001,0.001
19.43,0.001,0.001,0.001
19.435,0.001,0.001,0.001
19.44,0.001,0.001,0.001
19.445,0.001,0.001,0.001
19.45,0.001,0.001,0.001
19.455,0.001,0.001,0.001
19.46,0.001,0.001,0.001
19.465,0.001,0.001,0.001
19.47,0.001,0.001,0.001
19.475,0.001,0.001,0.001
19.48,0.001,0.001,0.001
19.485,0.001,0.001,0.001
19.49,0.001,0.001,0.001
19.495,0.001,0.001,0.001
19.5,0.001,0.001,0.001
19.505,0.001,0.001,0.001
19.51,0.001,0.001,0.001
19.515,0.001,0.001,0.001
19.52,0.001,0.001,0.001
19.525,0.001,0.001,0.001
19.53,0.001,0.001,0.001
19.535,0.001,0.001,0.001
19.54,0.001,0.001,0.001
19.545,0.001,0.001,0.001
19.55,0.001,0.001,0.001
19.555,0.001,0.001,0.001
19.56,0.001,0.001,0.001
19.565,0.001,0.001,0.001
19.57,0.001,0.001,0.001
19.575,0.001,0.001,0.001
19.58,0.001,0.001,0.001
19.585,0.001,0.001,0.001
19.59,0.001,0.001,0.001
19.595,0.001,0.001,0.001
19.6,0.001,0.001,0.001
19.605,0.001,0.001,0.001
19.61,0.001,0.001,0.001
19.615,0.001,0.001,0.001
19.62,0.001,0.001,0.001
19.625,0.001,0.001,0.001
19.63,0.001,0.001,0.001
19.635,0.001,0.001,0.001
19.64,0.001,0.001,0.001
19.645,0.001,0.001,0.001
19.65,0.001,0.001,0.001
19.655,0.001,0.001,0.001
19.66,0.001,0.001,0.001
19.665,0.001,0.001,0.001
19.67,0.001,0.001,0.001
19.675,0.001,0.001,0.001
19.68,0.001,0.001,0.001
19.685,0.001,0.001,0.001
19.69,0.001,0.001,0.001
19.695,0.001,0.001,0.001
19.7,0.001,0.001,0.001
19.705,0.001,0.001,0.001
19.71,0.001,0.001,0.001
19.715,0.001,0.001,0.001
19.72,0.001,0.001,0.001
19.725,0.001,0.001,0.001
19.73,0.001,0.001,0.001
19.735,0.001,0.001,0.001
19.74,0.001,0.001,0.001
19.745,0.001,0.001,0.001
19.75,0.001,0.001,0.001
19.755,0.001,0.001,0.001
19.76,0.001,0.001,0.001
19.765,0.001,0.001,0.001
19.77,0.001,0.001,0.001
19.775,0.001,0.001,0.001
19.78,0.001,0.001,0.001
19.785,0.001,0.001,0.001
19.79,0.001,0.001,0.001
19.795,0.001,0.001,0.001
19.8,0.001,0.001,0.001
19.805,0.001,0.001,0.001
19.81,0.001,0.001,0.001
19.815,0.001,0.001,0.001
19.82,0.001,0.001,0.001
19.825,0.001,0.001,0.001
19.83,0.001,0.001,0.001
19.835,0.001,0.001,0.001
19.84,0.001,0.001,0.001
19.845,0.001,0.001,0.001
19.85,0.001,0.001,0.001
19.855,0.001,0.001,0.001
19.86,0.001,0.001,0.001
19.865,0.001,0.001,0.001
19.87,0.001,0.001,0.001
19.875,0.001,0.001,0.001
19.88,0.001,0.001,0.001
19.885,0.001,0.001,0.001
19.89,0.001,0.001,0.001
19.895,0.001,0.001,0.001
19.9,0.001,0.001,0.001
19.905,0.001,0.001,0.001
19.91,0.001,0.001,0.001
19.915,0.001,0.001,0.001
19.92,0.001,0.001,0.001
19.925,0.001,0.001,0.001
19.93,0.001,0.001,0.001
19.935,0.001,0.001,0.001
19.94,0.001,0.001,0.001
19.945,0.001,0.001,0.001
19.95,0.001,0.001,0.001
19.955,0.001,0.001,0.001
19.96,0.001,0.001,0.001
19.965,0.001,0.001,0.001
19.97,0.001,0.001,0.001
19.975,0.001,0.001,0.001
19.98,0.001,0.001,0.001
19.985,0.001,0.001,0.001
19.99,0.001,0.001,0.001
19.995,0.001,0.001,0.001
20,0.001,0.001,0.001
20.005,0.001,0.001,0.001
