X,GEN_BUS1,GEN_BUS2,GEN_BUS3
-0.02,0,0,0
-0.01,0,0,0
0,0,0,0
0.01,0,0,0
0.02,0,0,0
0.03,0,0,0
0.04,0,0,0
0.05,0,0,0
0.06,0,0,0
0.07,0,0,0
0.08,0,0,0
0.09,0,0,0
0.1,0,0,0
0.11,0,0,0
0.12,0,0,0
0.13,0,0,0
0.14,0,0,0
0.15,0,0,0
0.16,0,0,0
0.17,0,0,0
0.18,0,0,0
0.19,0,0,0
0.2,0,0,0
0.21,0,0,0
0.22,0,0,0
0.23,0,0,0
0.24,0,0,0
0.25,0,0,0
0.26,0,0,0
0.27,0,0,0
0.28,0,0,0
0.29,0,0,0
0.3,0,0,0
0.31,0,0,0
0.32,0,0,0
0.33,0,0,0
0.34,0,0,0
0.35,0,0,0
0.36,0,0,0
0.37,0,0,0
0.38,0,0,0
0.39,0,0,0
0.4,0,0,0
0.41,0,0,0
0.42,0,0,0
0.43,0,0,0
0.44,0,0,0
0.45,0,0,0
0.46,0,0,0
0.47,0,0,0
0.48,0,0,0
0.49,0,0,0
0.5,0,0,0
0.5,0,0,0
0.51,0,0,0
0.52,0,0,0
0.53,0,0,0
0.54,0,0,0
0.55,0,0,0
0.56,0,0,0
0.57,0,0,0
0.58,0,0,0
0.59,0,0,0
0.6,0,0,0
0.61,0,0,0
0.62,0,0,0
0.63,0,0,0
0.64,0,0,0
0.65,0,0,0
0.66,0,0,0
0.67,0,0,0
0.68,0,0,0
0.69,0,0,0
0.7,0,0,0
0.71,0,0,0
0.72,0,0,0
0.73,0,0,0
0.74,0,0,0
0.75,0,0,0
0.76,0,0,0
0.77,0,0,0
0.78,0,0,0
0.79,0,0,0
0.8,0,0,0
0.81,0,0,0
0.82,0,0,0
0.83,0,0,0
0.84,0,0,0
0.85,0,0,0
0.86,0,0,0
0.87,0,0,0
0.88,0,0,0
0.89,0,0,0
0.9,0,0,0
0.91,0,0,0
0.92,0,0,0
0.93,0,0,0
0.94,0,0,0
0.95,0,0,0
0.96,0,0,0
0.97,0,0,0
0.98,0,0,0
0.99,0,0,0
1,0,0,0
1.01,0,0,0
1.02,0,0,0
1.03,0,0,0
1.04,0,0,0
1.05,0,0,0
1.06,0,0,0
1.07,0,0,0
1.08,0,0,0
1.09,0,0,0
1.1,0,0.001,0
1.11,0,0.001,0
1.12,0,0.001,0
1.13,0,0.001,0
1.14,0,0.001,0
1.15,0,0.001,0
1.16,0,0.001,0
1.17,0,0.001,0
1.18,0,0.001,0
1.19,0,0.001,0.001
1.2,0,0.001,0.001
1.21,0.001,0.001,0.001
1.22,0.001,0.001,0.001
1.23,0.001,0.001,0.001
1.24,0.001,0.001,0.001
1.25,0.001,0.001,0.001
1.26,0.001,0.001,0.001
1.27,0.001,0.001,0.001
1.28,0.001,0.001,0.001
1.29,0.001,0.001,0.001
1.3,0.001,0.001,0.001
1.31,0.001,0.001,0.001
1.32,0.001,0.001,0.001
1.33,0.001,0.001,0.001
1.34,0.001,0.001,0.001
1.35,0.001,0.001,0.001
1.36,0.001,0.001,0.001
1.37,0.001,0.001,0.001
1.38,0.001,0.001,0.001
1.39,0.001,0.001,0.001
1.4,0.001,0.001,0.001
1.41,0.001,0.001,0.001
1.42,0.001,0.001,0.001
1.43,0.001,0.001,0.001
1.44,0.001,0.001,0.001
1.45,0.001,0.001,0.001
1.46,0.001,0.001,0.001
1.47,0.001,0.001,0.001
1.48,0.001,0.001,0.001
1.49,0.001,0.001,0.001
1.5,0.001,0.001,0.001
1.51,0.001,0.001,0.001
1.52,0.001,0.001,0.001
1.53,0.001,0.001,0.001
1.54,0.001,0.001,0.001
1.55,0.001,0.001,0.001
1.56,0.001,0.002,0.001
1.57,0.001,0.002,0.001
1.58,0.001,0.002,0.001
1.59,0.001,0.002,0.001
1.6,0.001,0.002,0.001
1.61,0.001,0.002,0.001
1.62,0.001,0.002,0.001
1.63,0.001,0.002,0.002
1.64,0.001,0.002,0.002
1.65,0.002,0.002,0.002
1.66,0.002,0.002,0.002
1.67,0.002,0.002,0.002
1.68,0.002,0.002,0.002
1.69,0.002,0.002,0.002
1.7,0.002,0.002,0.002
1.71,0.002,0.002,0.002
1.72,0.002,0.002,0.002
1.73,0.002,0.002,0.002
1.74,0.002,0.002,0.002
1.75,0.002,0.002,0.002
1.76,0.002,0.002,0.002
1.77,0.002,0.002,0.002
1.78,0.002,0.002,0.002
1.79,0.002,0.002,0.002
1.8,0.002,0.002,0.002
1.81,0.002,0.002,0.002
1.82,0.002,0.002,0.002
1.83,0.002,0.002,0.002
1.84,0.002,0.002,0.002
1.85,0.002,0.002,0.002
1.86,0.002,0.002,0.002
1.87,0.002,0.002,0.002
1.88,0.002,0.002,0.002
1.89,0.002,0.002,0.002
1.9,0.002,0.002,0.002
1.91,0.002,0.002,0.002
1.92,0.002,0.002,0.002
1.93,0.002,0.002,0.002
1.94,0.002,0.002,0.002
1.95,0.002,0.002,0.002
1.96,0.002,0.002,0.002
1.97,0.002,0.002,0.002
1.98,0.002,0.002,0.002
1.99,0.002,0.003,0.002
2,0.002,0.003,0.002
2.01,0.002,0.003,0.002
2.02,0.002,0.003,0.002
2.03,0.002,0.003,0.002
2.04,0.002,0.003,0.002
2.05,0.002,0.003,0.002
2.06,0.002,0.003,0.002
2.07,0.002,0.003,0.003
2.08,0.003,0.003,0.003
2.09,0.003,0.003,0.003
2.1,0.003,0.003,0.003
2.11,0.003,0.003,0.003
2.12,0.003,0.003,0.003
2.13,0.003,0.003,0.003
2.14,0.003,0.003,0.003
2.15,0.003,0.003,0.003
2.16,0.003,0.003,0.003
2.17,0.003,0.003,0.003
2.18,0.003,0.003,0.003
2.19,0.003,0.003,0.003
2.2,0.003,0.003,0.003
2.21,0.003,0.003,0.003
2.22,0.003,0.003,0.003
2.23,0.003,0.003,0.003
2.24,0.003,0.003,0.003
2.25,0.003,0.003,0.003
2.26,0.003,0.003,0.003
2.27,0.003,0.003,0.003
2.28,0.003,0.003,0.003
2.29,0.003,0.003,0.003
2.3,0.003,0.003,0.003
2.31,0.003,0.003,0.003
2.32,0.003,0.003,0.003
2.33,0.003,0.003,0.003
2.34,0.003,0.003,0.003
2.35,0.003,0.003,0.003
2.36,0.003,0.003,0.003
2.37,0.003,0.003,0.003
2.38,0.003,0.003,0.003
2.39,0.003,0.003,0.003
2.4,0.003,0.003,0.003
2.41,0.003,0.003,0.003
2.42,0.003,0.003,0.003
2.43,0.003,0.003,0.003
2.44,0.003,0.003,0.003
2.45,0.003,0.003,0.003
2.46,0.003,0.003,0.003
2.47,0.003,0.003,0.003
2.48,0.003,0.003,0.003
2.49,0.003,0.003,0.003
2.5,0.003,0.003,0.003
2.51,0.003,0.003,0.003
2.52,0.003,0.003,0.003
2.53,0.003,0.003,0.003
2.54,0.003,0.003,0.003
2.55,0.003,0.003,0.003
2.56,0.003,0.003,0.003
2.57,0.003,0.003,0.003
2.58,0.003,0.003,0.003
2.59,0.003,0.003,0.003
2.6,0.003,0.003,0.003
2.61,0.003,0.003,0.003
2.62,0.003,0.003,0.003
2.63,0.003,0.003,0.003
2.64,0.003,0.003,0.003
2.65,0.003,0.003,0.003
2.66,0.003,0.003,0.003
2.67,0.003,0.003,0.003
2.68,0.003,0.003,0.003
2.69,0.003,0.003,0.003
2.7,0.003,0.003,0.003
2.71,0.003,0.003,0.003
2.72,0.003,0.003,0.003
2.73,0.003,0.003,0.003
2.74,0.003,0.003,0.003
2.75,0.003,0.003,0.003
2.76,0.003,0.003,0.003
2.77,0.003,0.003,0.003
2.78,0.003,0.003,0.003
2.79,0.003,0.003,0.003
2.8,0.003,0.003,0.003
2.81,0.003,0.003,0.003
2.82,0.003,0.003,0.003
2.83,0.003,0.003,0.003
2.84,0.003,0.003,0.003
2.85,0.003,0.003,0.003
2.86,0.003,0.003,0.003
2.87,0.003,0.003,0.003
2.88,0.003,0.003,0.003
2.89,0.003,0.003,0.003
2.9,0.003,0.003,0.003
2.91,0.003,0.003,0.003
2.92,0.003,0.003,0.003
2.93,0.003,0.003,0.003
2.94,0.003,0.003,0.003
2.95,0.003,0.003,0.003
2.96,0.003,0.003,0.003
2.97,0.003,0.003,0.003
2.98,0.003,0.003,0.003
2.99,0.003,0.003,0.003
3,0.003,0.003,0.003
3.01,0.003,0.003,0.003
3.02,0.003,0.003,0.003
3.03,0.003,0.003,0.003
3.04,0.003,0.003,0.003
3.05,0.003,0.003,0.003
3.06,0.003,0.003,0.003
3.07,0.003,0.003,0.003
3.08,0.003,0.003,0.003
3.09,0.003,0.003,0.003
3.1,0.003,0.003,0.003
3.11,0.003,0.003,0.003
3.12,0.003,0.003,0.003
3.13,0.003,0.003,0.003
3.14,0.003,0.003,0.003
3.15,0.003,0.003,0.003
3.16,0.003,0.003,0.003
3.17,0.003,0.003,0.003
3.18,0.003,0.003,0.003
3.19,0.003,0.003,0.003
3.2,0.003,0.003,0.003
3.21,0.003,0.003,0.003
3.22,0.003,0.003,0.003
3.23,0.003,0.003,0.003
3.24,0.003,0.003,0.003
3.25,0.003,0.003,0.003
3.26,0.003,0.003,0.003
3.27,0.003,0.003,0.003
3.28,0.003,0.003,0.003
3.29,0.003,0.003,0.003
3.3,0.003,0.003,0.003
3.31,0.003,0.003,0.003
3.32,0.003,0.003,0.003
3.33,0.003,0.003,0.003
3.34,0.003,0.003,0.003
3.35,0.003,0.003,0.003
3.36,0.003,0.003,0.003
3.37,0.003,0.003,0.002
3.38,0.003,0.003,0.002
3.39,0.003,0.003,0.002
3.4,0.003,0.003,0.002
3.41,0.003,0.003,0.002
3.42,0.003,0.002,0.002
3.43,0.002,0.002,0.002
3.44,0.002,0.002,0.002
3.45,0.002,0.002,0.002
3.46,0.002,0.002,0.002
3.47,0.002,0.002,0.002
3.48,0.002,0.002,0.002
3.49,0.002,0.002,0.002
3.5,0.002,0.002,0.002
3.51,0.002,0.002,0.002
3.52,0.002,0.002,0.002
3.53,0.002,0.002,0.002
3.54,0.002,0.002,0.002
3.55,0.002,0.002,0.002
3.56,0.002,0.002,0.002
3.57,0.002,0.002,0.002
3.58,0.002,0.002,0.002
3.59,0.002,0.002,0.002
3.6,0.002,0.002,0.002
3.61,0.002,0.002,0.002
3.62,0.002,0.002,0.002
3.63,0.002,0.002,0.002
3.64,0.002,0.002,0.002
3.65,0.002,0.002,0.002
3.66,0.002,0.002,0.002
3.67,0.002,0.002,0.002
3.68,0.002,0.002,0.002
3.69,0.002,0.002,0.002
3.7,0.002,0.002,0.002
3.71,0.002,0.002,0.002
3.72,0.002,0.002,0.002
3.73,0.002,0.002,0.002
3.74,0.002,0.002,0.002
3.75,0.002,0.002,0.002
3.76,0.002,0.002,0.002
3.77,0.002,0.002,0.002
3.78,0.002,0.002,0.002
3.79,0.002,0.002,0.002
3.8,0.002,0.002,0.002
3.81,0.002,0.002,0.002
3.82,0.002,0.002,0.002
3.83,0.002,0.002,0.002
3.84,0.002,0.002,0.002
3.85,0.002,0.002,0.002
3.86,0.002,0.002,0.002
3.87,0.002,0.002,0.002
3.88,0.002,0.002,0.002
3.89,0.002,0.002,0.002
3.9,0.002,0.002,0.002
3.91,0.002,0.002,0.002
3.92,0.002,0.002,0.002
3.93,0.002,0.002,0.002
3.94,0.002,0.002,0.002
3.95,0.002,0.002,0.002
3.96,0.002,0.002,0.002
3.97,0.002,0.002,0.002
3.98,0.002,0.002,0.002
3.99,0.002,0.002,0.002
4,0.002,0.002,0.002
4.01,0.002,0.002,0.002
4.02,0.002,0.002,0.002
4.03,0.002,0.002,0.002
4.04,0.002,0.002,0.002
4.05,0.002,0.002,0.002
4.06,0.002,0.002,0.002
4.07,0.002,0.002,0.002
4.08,0.002,0.002,0.002
4.09,0.002,0.002,0.002
4.1,0.002,0.002,0.002
4.11,0.002,0.002,0.002
4.12,0.002,0.002,0.002
4.13,0.002,0.002,0.002
4.14,0.002,0.002,0.002
4.15,0.002,0.002,0.002
4.16,0.002,0.002,0.002
4.17,0.002,0.002,0.002
4.18,0.002,0.002,0.002
4.19,0.002,0.002,0.002
4.2,0.002,0.002,0.002
4.21,0.002,0.002,0.002
4.22,0.002,0.002,0.002
4.23,0.002,0.002,0.002
4.24,0.002,0.002,0.002
4.25,0.002,0.002,0.002
4.26,0.002,0.002,0.002
4.27,0.002,0.002,0.002
4.28,0.002,0.002,0.002
4.29,0.002,0.002,0.002
4.3,0.002,0.002,0.002
4.31,0.002,0.002,0.002
4.32,0.002,0.002,0.002
4.33,0.002,0.002,0.002
4.34,0.002,0.002,0.002
4.35,0.002,0.002,0.002
4.36,0.002,0.002,0.002
4.37,0.002,0.002,0.002
4.38,0.002,0.002,0.002
4.39,0.002,0.002,0.002
4.4,0.002,0.002,0.002
4.41,0.002,0.002,0.002
4.42,0.002,0.002,0.002
4.43,0.002,0.002,0.002
4.44,0.002,0.002,0.002
4.45,0.002,0.002,0.002
4.46,0.002,0.002,0.002
4.47,0.002,0.002,0.002
4.48,0.002,0.002,0.002
4.49,0.002,0.002,0.002
4.5,0.002,0.002,0.002
4.51,0.002,0.002,0.002
4.52,0.002,0.002,0.002
4.53,0.002,0.002,0.002
4.54,0.002,0.002,0.002
4.55,0.002,0.002,0.002
4.56,0.002,0.002,0.002
4.57,0.002,0.002,0.002
4.58,0.002,0.002,0.002
4.59,0.002,0.002,0.002
4.6,0.002,0.002,0.002
4.61,0.002,0.002,0.002
4.62,0.002,0.002,0.002
4.63,0.002,0.002,0.002
4.64,0.002,0.002,0.002
4.65,0.002,0.002,0.002
4.66,0.002,0.002,0.002
4.67,0.002,0.002,0.002
4.68,0.002,0.002,0.002
4.69,0.002,0.002,0.002
4.7,0.002,0.002,0.002
4.71,0.002,0.002,0.002
4.72,0.002,0.002,0.002
4.73,0.002,0.002,0.002
4.74,0.002,0.002,0.002
4.75,0.002,0.002,0.002
4.76,0.002,0.002,0.002
4.77,0.002,0.002,0.002
4.78,0.002,0.002,0.002
4.79,0.002,0.002,0.002
4.8,0.002,0.002,0.002
4.81,0.002,0.002,0.002
4.82,0.002,0.002,0.002
4.83,0.002,0.002,0.002
4.84,0.002,0.002,0.002
4.85,0.002,0.002,0.002
4.86,0.002,0.002,0.002
4.87,0.002,0.002,0.002
4.88,0.002,0.002,0.002
4.89,0.002,0.002,0.002
4.9,0.002,0.002,0.002
4.91,0.002,0.002,0.002
4.92,0.002,0.002,0.002
4.93,0.002,0.002,0.002
4.94,0.002,0.002,0.002
4.95,0.002,0.002,0.002
4.96,0.002,0.002,0.002
4.97,0.002,0.002,0.002
4.98,0.002,0.002,0.002
4.99,0.002,0.002,0.002
5,0.002,0.002,0.002
5.01,0.002,0.002,0.002
5.02,0.002,0.002,0.002
5.03,0.002,0.002,0.002
5.04,0.002,0.002,0.002
5.05,0.002,0.002,0.002
5.06,0.002,0.002,0.002
5.07,0.002,0.002,0.002
5.08,0.002,0.002,0.002
5.09,0.002,0.002,0.002
5.1,0.002,0.002,0.002
5.11,0.002,0.002,0.002
5.12,0.002,0.002,0.002
5.13,0.002,0.002,0.002
5.14,0.002,0.002,0.002
5.15,0.002,0.002,0.002
5.16,0.002,0.002,0.002
5.17,0.002,0.002,0.002
5.18,0.002,0.002,0.002
5.19,0.002,0.002,0.002
5.2,0.002,0.002,0.002
5.21,0.002,0.002,0.002
5.22,0.002,0.002,0.002
5.23,0.002,0.002,0.002
5.24,0.002,0.002,0.002
5.25,0.002,0.002,0.002
5.26,0.002,0.002,0.002
5.27,0.002,0.002,0.002
5.28,0.002,0.002,0.002
5.29,0.002,0.002,0.002
5.3,0.002,0.002,0.002
5.31,0.002,0.002,0.002
5.32,0.002,0.002,0.002
5.33,0.002,0.002,0.002
5.34,0.002,0.002,0.002
5.35,0.002,0.002,0.002
5.36,0.002,0.002,0.002
5.37,0.002,0.002,0.002
5.38,0.002,0.002,0.002
5.39,0.002,0.002,0.002
5.4,0.002,0.002,0.002
5.41,0.002,0.002,0.002
5.42,0.002,0.002,0.002
5.43,0.002,0.002,0.002
5.44,0.002,0.002,0.002
5.45,0.002,0.002,0.002
5.46,0.002,0.002,0.002
5.47,0.002,0.002,0.002
5.48,0.002,0.002,0.002
5.49,0.002,0.002,0.002
5.5,0.002,0.002,0.002
5.51,0.002,0.002,0.002
5.52,0.002,0.002,0.002
5.53,0.002,0.002,0.002
5.54,0.002,0.002,0.002
5.55,0.002,0.002,0.002
5.56,0.002,0.002,0.002
5.57,0.002,0.002,0.002
5.58,0.002,0.002,0.002
5.59,0.002,0.002,0.002
5.6,0.002,0.002,0.002
5.61,0.002,0.002,0.002
5.62,0.002,0.002,0.002
5.63,0.002,0.002,0.002
5.64,0.002,0.002,0.002
5.65,0.002,0.002,0.002
5.66,0.002,0.002,0.002
5.67,0.002,0.002,0.002
5.68,0.002,0.002,0.002
5.69,0.002,0.002,0.002
5.7,0.002,0.002,0.002
5.71,0.002,0.002,0.002
5.72,0.002,0.002,0.002
5.73,0.002,0.002,0.002
5.74,0.002,0.002,0.002
5.75,0.002,0.002,0.002
5.76,0.002,0.002,0.002
5.77,0.002,0.002,0.002
5.78,0.002,0.002,0.002
5.79,0.002,0.002,0.002
5.8,0.002,0.002,0.002
5.81,0.002,0.002,0.002
5.82,0.002,0.002,0.002
5.83,0.002,0.002,0.002
5.84,0.002,0.002,0.002
5.85,0.002,0.002,0.002
5.86,0.002,0.002,0.002
5.87,0.002,0.002,0.002
5.88,0.002,0.002,0.002
5.89,0.002,0.002,0.002
5.9,0.002,0.002,0.002
5.91,0.002,0.002,0.002
5.92,0.002,0.002,0.002
5.93,0.002,0.003,0.002
5.94,0.002,0.003,0.002
5.95,0.002,0.003,0.002
5.96,0.002,0.003,0.002
5.97,0.002,0.003,0.002
5.98,0.002,0.003,0.002
5.99,0.002,0.003,0.003
6,0.002,0.003,0.003
6.01,0.002,0.003,0.003
6.02,0.002,0.003,0.003
6.03,0.002,0.003,0.003
6.04,0.002,0.003,0.003
6.05,0.003,0.003,0.003
6.06,0.003,0.003,0.003
6.07,0.003,0.003,0.003
6.08,0.003,0.003,0.003
6.09,0.003,0.003,0.003
6.1,0.003,0.003,0.003
6.11,0.003,0.003,0.003
6.12,0.003,0.003,0.003
6.13,0.003,0.003,0.003
6.14,0.003,0.003,0.003
6.15,0.003,0.003,0.003
6.16,0.003,0.003,0.003
6.17,0.003,0.003,0.003
6.18,0.003,0.003,0.003
6.19,0.003,0.003,0.003
6.2,0.003,0.003,0.003
6.21,0.003,0.003,0.003
6.22,0.003,0.003,0.003
6.23,0.003,0.003,0.003
6.24,0.003,0.003,0.002
6.25,0.002,0.003,0.002
6.26,0.002,0.003,0.002
6.27,0.002,0.003,0.002
6.28,0.002,0.003,0.002
6.29,0.002,0.003,0.002
6.3,0.002,0.002,0.002
6.31,0.002,0.002,0.002
6.32,0.002,0.002,0.002
6.33,0.002,0.002,0.002
6.34,0.002,0.002,0.002
6.35,0.002,0.002,0.002
6.36,0.002,0.002,0.002
6.37,0.002,0.002,0.002
6.38,0.002,0.002,0.002
6.39,0.002,0.002,0.002
6.4,0.002,0.002,0.002
6.41,0.002,0.002,0.002
6.42,0.002,0.002,0.002
6.43,0.002,0.002,0.002
6.44,0.002,0.002,0.002
6.45,0.002,0.002,0.002
6.46,0.002,0.002,0.002
6.47,0.002,0.002,0.002
6.48,0.002,0.002,0.002
6.49,0.002,0.002,0.002
6.5,0.002,0.002,0.002
6.51,0.002,0.002,0.002
6.52,0.002,0.002,0.002
6.53,0.002,0.002,0.002
6.54,0.002,0.002,0.002
6.55,0.002,0.002,0.002
6.56,0.002,0.002,0.002
6.57,0.002,0.002,0.002
6.58,0.002,0.002,0.002
6.59,0.002,0.002,0.002
6.6,0.002,0.002,0.002
6.61,0.002,0.002,0.002
6.62,0.002,0.002,0.002
6.63,0.002,0.002,0.002
6.64,0.002,0.002,0.002
6.65,0.002,0.002,0.002
6.66,0.002,0.002,0.002
6.67,0.002,0.002,0.002
6.68,0.002,0.002,0.002
6.69,0.002,0.002,0.002
6.7,0.002,0.002,0.002
6.71,0.002,0.002,0.002
6.72,0.002,0.002,0.002
6.73,0.002,0.002,0.002
6.74,0.002,0.002,0.002
6.75,0.002,0.002,0.002
6.76,0.002,0.002,0.002
6.77,0.002,0.002,0.002
6.78,0.002,0.002,0.002
6.79,0.002,0.002,0.002
6.8,0.002,0.002,0.002
6.81,0.002,0.002,0.002
6.82,0.002,0.002,0.002
6.83,0.002,0.002,0.002
6.84,0.002,0.002,0.002
6.85,0.002,0.002,0.002
6.86,0.002,0.002,0.002
6.87,0.002,0.002,0.002
6.88,0.002,0.002,0.002
6.89,0.002,0.002,0.002
6.9,0.002,0.002,0.002
6.91,0.002,0.002,0.002
6.92,0.002,0.002,0.002
6.93,0.002,0.002,0.002
6.94,0.002,0.002,0.002
6.95,0.002,0.002,0.002
6.96,0.002,0.002,0.002
6.97,0.002,0.002,0.002
6.98,0.002,0.002,0.002
6.99,0.002,0.002,0.002
7,0.002,0.002,0.002
7.01,0.002,0.002,0.002
7.02,0.002,0.002,0.002
7.03,0.002,0.002,0.002
7.04,0.002,0.002,0.002
7.05,0.002,0.002,0.002
7.06,0.002,0.002,0.002
7.07,0.002,0.002,0.002
7.08,0.002,0.002,0.002
7.09,0.002,0.002,0.002
7.1,0.002,0.002,0.002
7.11,0.002,0.002,0.002
7.12,0.002,0.002,0.002
7.13,0.002,0.002,0.002
7.14,0.002,0.002,0.002
7.15,0.002,0.002,0.002
7.16,0.002,0.002,0.002
7.17,0.002,0.002,0.002
7.18,0.002,0.002,0.002
7.19,0.002,0.002,0.002
7.2,0.002,0.002,0.002
7.21,0.002,0.002,0.002
7.22,0.002,0.002,0.002
7.23,0.002,0.002,0.002
7.24,0.002,0.002,0.002
7.25,0.002,0.002,0.002
7.26,0.002,0.002,0.002
7.27,0.002,0.002,0.002
7.28,0.002,0.002,0.002
7.29,0.002,0.002,0.002
7.3,0.002,0.002,0.002
7.31,0.002,0.002,0.002
7.32,0.002,0.002,0.002
7.33,0.002,0.002,0.002
7.34,0.002,0.002,0.002
7.35,0.002,0.002,0.002
7.36,0.002,0.002,0.002
7.37,0.002,0.002,0.002
7.38,0.002,0.002,0.002
7.39,0.002,0.002,0.002
7.4,0.002,0.002,0.002
7.41,0.002,0.002,0.002
7.42,0.002,0.002,0.002
7.43,0.002,0.002,0.002
7.44,0.002,0.002,0.002
7.45,0.002,0.002,0.002
7.46,0.002,0.002,0.002
7.47,0.002,0.002,0.002
7.48,0.002,0.002,0.002
7.49,0.002,0.002,0.002
7.5,0.002,0.002,0.002
7.51,0.002,0.002,0.002
7.52,0.002,0.002,0.002
7.53,0.002,0.002,0.002
7.54,0.002,0.002,0.002
7.55,0.002,0.002,0.002
7.56,0.002,0.002,0.002
7.57,0.002,0.002,0.002
7.58,0.002,0.002,0.002
7.59,0.002,0.002,0.002
7.6,0.002,0.002,0.002
7.61,0.002,0.002,0.002
7.62,0.002,0.002,0.002
7.63,0.002,0.002,0.002
7.64,0.002,0.002,0.002
7.65,0.002,0.002,0.002
7.66,0.002,0.002,0.002
7.67,0.002,0.002,0.002
7.68,0.002,0.002,0.002
7.69,0.002,0.002,0.002
7.7,0.002,0.002,0.002
7.71,0.002,0.002,0.002
7.72,0.002,0.002,0.002
7.73,0.002,0.002,0.002
7.74,0.002,0.002,0.002
7.75,0.002,0.002,0.002
7.76,0.002,0.002,0.002
7.77,0.002,0.002,0.002
7.78,0.002,0.002,0.002
7.79,0.002,0.002,0.002
7.8,0.002,0.002,0.002
7.81,0.002,0.002,0.002
7.82,0.002,0.002,0.002
7.83,0.002,0.002,0.002
7.84,0.002,0.002,0.002
7.85,0.002,0.002,0.002
7.86,0.002,0.002,0.002
7.87,0.002,0.002,0.002
7.88,0.002,0.002,0.002
7.89,0.002,0.002,0.002
7.9,0.002,0.002,0.002
7.91,0.002,0.002,0.002
7.92,0.002,0.002,0.002
7.93,0.002,0.002,0.002
7.94,0.002,0.002,0.002
7.95,0.002,0.002,0.002
7.96,0.002,0.002,0.002
7.97,0.002,0.002,0.002
7.98,0.002,0.002,0.002
7.99,0.002,0.002,0.002
8,0.002,0.002,0.002
8.01,0.002,0.002,0.002
8.02,0.002,0.002,0.002
8.03,0.002,0.002,0.002
8.04,0.002,0.002,0.002
8.05,0.002,0.002,0.002
8.06,0.002,0.002,0.002
8.07,0.002,0.002,0.002
8.08,0.002,0.002,0.002
8.09,0.002,0.002,0.002
8.1,0.002,0.002,0.002
8.11,0.002,0.002,0.002
8.12,0.002,0.002,0.002
8.13,0.002,0.002,0.002
8.14,0.002,0.002,0.002
8.15,0.002,0.002,0.002
8.16,0.002,0.002,0.002
8.17,0.002,0.002,0.002
8.18,0.002,0.002,0.002
8.19,0.002,0.002,0.002
8.2,0.002,0.002,0.002
8.21,0.002,0.002,0.002
8.22,0.002,0.002,0.002
8.23,0.002,0.002,0.002
8.24,0.002,0.002,0.002
8.25,0.002,0.002,0.002
8.26,0.002,0.002,0.002
8.27,0.002,0.002,0.002
8.28,0.002,0.002,0.002
8.29,0.002,0.002,0.002
8.3,0.002,0.002,0.002
8.31,0.002,0.002,0.002
8.32,0.002,0.002,0.002
8.33,0.002,0.002,0.002
8.34,0.002,0.002,0.002
8.35,0.002,0.002,0.002
8.36,0.002,0.002,0.002
8.37,0.002,0.002,0.002
8.38,0.002,0.002,0.002
8.39,0.002,0.002,0.002
8.4,0.002,0.002,0.002
8.41,0.002,0.002,0.002
8.42,0.002,0.002,0.002
8.43,0.002,0.002,0.002
8.44,0.002,0.002,0.002
8.45,0.002,0.002,0.002
8.46,0.002,0.002,0.002
8.47,0.002,0.002,0.002
8.48,0.002,0.002,0.002
8.49,0.002,0.002,0.002
8.5,0.002,0.002,0.002
8.51,0.002,0.002,0.002
8.52,0.002,0.002,0.002
8.53,0.002,0.002,0.002
8.54,0.002,0.002,0.002
8.55,0.002,0.002,0.002
8.56,0.002,0.002,0.002
8.57,0.002,0.002,0.002
8.58,0.002,0.002,0.002
8.59,0.002,0.002,0.002
8.6,0.002,0.002,0.002
8.61,0.002,0.002,0.002
8.62,0.002,0.002,0.002
8.63,0.002,0.002,0.002
8.64,0.002,0.002,0.002
8.65,0.002,0.002,0.002
8.66,0.002,0.002,0.002
8.67,0.002,0.002,0.002
8.68,0.002,0.002,0.002
8.69,0.002,0.002,0.002
8.7,0.002,0.002,0.002
8.71,0.002,0.002,0.002
8.72,0.002,0.002,0.002
8.73,0.002,0.002,0.002
8.74,0.002,0.002,0.002
8.75,0.002,0.002,0.002
8.76,0.002,0.002,0.002
8.77,0.002,0.002,0.002
8.78,0.002,0.002,0.002
8.79,0.002,0.002,0.002
8.8,0.002,0.002,0.002
8.81,0.002,0.002,0.002
8.82,0.002,0.002,0.002
8.83,0.002,0.002,0.002
8.84,0.002,0.002,0.002
8.85,0.002,0.002,0.002
8.86,0.002,0.002,0.002
8.87,0.002,0.002,0.002
8.88,0.002,0.002,0.002
8.89,0.002,0.002,0.002
8.9,0.002,0.002,0.002
8.91,0.002,0.002,0.002
8.92,0.002,0.002,0.002
8.93,0.002,0.002,0.002
8.94,0.002,0.002,0.002
8.95,0.002,0.002,0.002
8.96,0.002,0.002,0.002
8.97,0.002,0.002,0.002
8.98,0.002,0.002,0.002
8.99,0.002,0.002,0.002
9,0.002,0.002,0.002
9.01,0.002,0.002,0.002
9.02,0.002,0.002,0.002
9.03,0.002,0.002,0.002
9.04,0.002,0.002,0.002
9.05,0.002,0.002,0.002
9.06,0.002,0.002,0.002
9.07,0.002,0.002,0.002
9.08,0.002,0.002,0.002
9.09,0.002,0.002,0.002
9.1,0.002,0.002,0.002
9.11,0.002,0.002,0.002
9.12,0.002,0.002,0.002
9.13,0.002,0.002,0.002
9.14,0.002,0.002,0.002
9.15,0.002,0.002,0.002
9.16,0.002,0.002,0.002
9.17,0.002,0.002,0.002
9.18,0.002,0.002,0.002
9.19,0.002,0.002,0.002
9.2,0.002,0.002,0.002
9.21,0.002,0.002,0.002
9.22,0.002,0.002,0.002
9.23,0.002,0.002,0.002
9.24,0.002,0.002,0.002
9.25,0.002,0.002,0.002
9.26,0.002,0.002,0.002
9.27,0.002,0.002,0.002
9.28,0.002,0.002,0.002
9.29,0.002,0.002,0.002
9.3,0.002,0.002,0.002
9.31,0.002,0.002,0.002
9.32,0.002,0.002,0.002
9.33,0.002,0.002,0.002
9.34,0.002,0.002,0.002
9.35,0.002,0.002,0.002
9.36,0.002,0.002,0.002
9.37,0.002,0.002,0.002
9.38,0.002,0.002,0.002
9.39,0.002,0.002,0.002
9.4,0.002,0.002,0.002
9.41,0.002,0.002,0.002
9.42,0.002,0.002,0.002
9.43,0.002,0.002,0.002
9.44,0.002,0.002,0.002
9.45,0.002,0.002,0.002
9.46,0.002,0.002,0.002
9.47,0.002,0.002,0.002
9.48,0.002,0.002,0.002
9.49,0.002,0.002,0.002
9.5,0.002,0.002,0.002
9.51,0.002,0.002,0.002
9.52,0.002,0.002,0.002
9.53,0.002,0.002,0.002
9.54,0.002,0.002,0.002
9.55,0.002,0.002,0.002
9.56,0.002,0.002,0.002
9.57,0.002,0.002,0.002
9.58,0.002,0.002,0.002
9.59,0.002,0.002,0.002
9.6,0.002,0.002,0.002
9.61,0.002,0.002,0.002
9.62,0.002,0.002,0.002
9.63,0.002,0.002,0.002
9.64,0.002,0.002,0.002
9.65,0.002,0.002,0.002
9.66,0.002,0.002,0.002
9.67,0.002,0.002,0.002
9.68,0.002,0.002,0.002
9.69,0.002,0.002,0.002
9.7,0.002,0.002,0.002
9.71,0.002,0.002,0.002
9.72,0.002,0.002,0.002
9.73,0.002,0.002,0.002
9.74,0.002,0.002,0.002
9.75,0.002,0.002,0.002
9.76,0.002,0.002,0.002
9.77,0.002,0.002,0.002
9.78,0.002,0.002,0.002
9.79,0.002,0.002,0.002
9.8,0.002,0.002,0.002
9.81,0.002,0.002,0.002
9.82,0.002,0.002,0.002
9.83,0.002,0.002,0.002
9.84,0.002,0.002,0.002
9.85,0.002,0.002,0.002
9.86,0.002,0.002,0.002
9.87,0.002,0.002,0.002
9.88,0.002,0.002,0.002
9.89,0.002,0.002,0.002
9.9,0.002,0.002,0.002
9.91,0.002,0.002,0.002
9.92,0.002,0.002,0.002
9.93,0.002,0.002,0.002
9.94,0.002,0.002,0.002
9.95,0.002,0.002,0.002
9.96,0.002,0.002,0.002
9.97,0.002,0.002,0.002
9.98,0.002,0.002,0.002
9.99,0.002,0.002,0.002
10,0.002,0.002,0.002
10.01,0.002,0.002,0.002
10.02,0.002,0.002,0.002
10.03,0.002,0.002,0.002
10.04,0.002,0.002,0.002
10.05,0.002,0.002,0.002
10.06,0.002,0.002,0.002
10.07,0.002,0.002,0.002
10.08,0.002,0.002,0.002
10.09,0.002,0.002,0.002
10.1,0.002,0.002,0.002
10.11,0.002,0.002,0.002
10.12,0.002,0.002,0.002
10.13,0.002,0.002,0.002
10.14,0.002,0.002,0.002
10.15,0.002,0.002,0.002
10.16,0.002,0.002,0.002
10.17,0.002,0.002,0.002
10.18,0.002,0.002,0.002
10.19,0.002,0.002,0.002
10.2,0.002,0.002,0.002
10.21,0.002,0.002,0.002
10.22,0.002,0.002,0.002
10.23,0.002,0.002,0.002
10.24,0.002,0.002,0.002
10.25,0.002,0.002,0.002
10.26,0.002,0.002,0.002
10.27,0.002,0.002,0.002
10.28,0.002,0.002,0.002
10.29,0.002,0.002,0.002
10.3,0.002,0.002,0.002
10.31,0.002,0.002,0.002
10.32,0.002,0.002,0.002
10.33,0.002,0.002,0.002
10.34,0.002,0.002,0.002
10.35,0.002,0.002,0.002
10.36,0.002,0.002,0.002
10.37,0.002,0.002,0.002
10.38,0.002,0.002,0.002
10.39,0.002,0.002,0.002
10.4,0.002,0.002,0.002
10.41,0.002,0.002,0.002
10.42,0.002,0.002,0.002
10.43,0.002,0.002,0.002
10.44,0.002,0.002,0.002
10.45,0.002,0.002,0.002
10.46,0.002,0.002,0.002
10.47,0.002,0.002,0.002
10.48,0.002,0.002,0.002
10.49,0.002,0.002,0.002
10.5,0.002,0.002,0.002
10.51,0.002,0.002,0.002
10.52,0.002,0.002,0.002
10.53,0.002,0.002,0.002
10.54,0.002,0.002,0.002
10.55,0.002,0.002,0.002
10.56,0.002,0.002,0.002
10.57,0.002,0.002,0.002
10.58,0.002,0.002,0.002
10.59,0.002,0.002,0.002
10.6,0.002,0.002,0.002
10.61,0.002,0.002,0.002
10.62,0.002,0.002,0.002
10.63,0.002,0.002,0.002
10.64,0.002,0.002,0.002
10.65,0.002,0.002,0.002
10.66,0.002,0.002,0.002
10.67,0.002,0.002,0.002
10.68,0.002,0.002,0.002
10.69,0.002,0.002,0.002
10.7,0.002,0.002,0.002
10.71,0.002,0.002,0.002
10.72,0.002,0.002,0.002
10.73,0.002,0.002,0.002
10.74,0.002,0.002,0.002
10.75,0.002,0.002,0.002
10.76,0.002,0.002,0.002
10.77,0.002,0.002,0.002
10.78,0.002,0.002,0.002
10.79,0.002,0.002,0.002
10.8,0.002,0.002,0.002
10.81,0.002,0.002,0.002
10.82,0.002,0.002,0.002
10.83,0.002,0.002,0.002
10.84,0.002,0.002,0.002
10.85,0.002,0.002,0.002
10.86,0.002,0.002,0.002
10.87,0.002,0.002,0.002
10.88,0.002,0.002,0.002
10.89,0.002,0.002,0.002
10.9,0.002,0.002,0.002
10.91,0.002,0.002,0.002
10.92,0.002,0.002,0.002
10.93,0.002,0.002,0.002
10.94,0.002,0.002,0.002
10.95,0.002,0.002,0.002
10.96,0.002,0.002,0.002
10.97,0.002,0.002,0.002
10.98,0.002,0.002,0.002
10.99,0.002,0.002,0.002
11,0.002,0.002,0.002
11.01,0.002,0.002,0.002
11.02,0.002,0.002,0.002
11.03,0.002,0.002,0.002
11.04,0.002,0.002,0.002
11.05,0.002,0.002,0.002
11.06,0.002,0.002,0.002
11.07,0.002,0.002,0.002
11.08,0.002,0.002,0.002
11.09,0.002,0.002,0.002
11.1,0.002,0.002,0.002
11.11,0.002,0.002,0.002
11.12,0.002,0.002,0.002
11.13,0.002,0.002,0.002
11.14,0.002,0.002,0.002
11.15,0.002,0.002,0.002
11.16,0.002,0.002,0.002
11.17,0.002,0.002,0.002
11.18,0.002,0.002,0.002
11.19,0.002,0.002,0.002
11.2,0.002,0.002,0.002
11.21,0.002,0.002,0.002
11.22,0.002,0.002,0.002
11.23,0.002,0.002,0.002
11.24,0.002,0.002,0.002
11.25,0.002,0.002,0.002
11.26,0.002,0.002,0.002
11.27,0.002,0.002,0.002
11.28,0.002,0.002,0.002
11.29,0.002,0.002,0.002
11.3,0.002,0.002,0.002
11.31,0.002,0.002,0.002
11.32,0.002,0.002,0.002
11.33,0.002,0.002,0.002
11.34,0.002,0.002,0.002
11.35,0.002,0.002,0.002
11.36,0.002,0.002,0.002
11.37,0.002,0.002,0.002
11.38,0.002,0.002,0.002
11.39,0.002,0.002,0.002
11.4,0.002,0.002,0.002
11.41,0.002,0.002,0.002
11.42,0.002,0.002,0.002
11.43,0.002,0.002,0.002
11.44,0.002,0.002,0.002
11.45,0.002,0.002,0.002
11.46,0.002,0.002,0.002
11.47,0.002,0.002,0.002
11.48,0.002,0.002,0.002
11.49,0.002,0.002,0.002
11.5,0.002,0.002,0.002
11.51,0.002,0.002,0.002
11.52,0.002,0.002,0.002
11.53,0.002,0.002,0.002
11.54,0.002,0.002,0.002
11.55,0.002,0.002,0.002
11.56,0.002,0.002,0.002
11.57,0.002,0.002,0.002
11.58,0.002,0.002,0.002
11.59,0.002,0.002,0.002
11.6,0.002,0.002,0.002
11.61,0.002,0.002,0.002
11.62,0.002,0.002,0.002
11.63,0.002,0.002,0.002
11.64,0.002,0.002,0.002
11.65,0.002,0.002,0.002
11.66,0.002,0.002,0.002
11.67,0.002,0.002,0.002
11.68,0.002,0.002,0.002
11.69,0.002,0.002,0.002
11.7,0.002,0.002,0.002
11.71,0.002,0.002,0.002
11.72,0.002,0.002,0.002
11.73,0.002,0.002,0.002
11.74,0.002,0.002,0.002
11.75,0.002,0.002,0.002
11.76,0.002,0.002,0.002
11.77,0.002,0.002,0.002
11.78,0.002,0.002,0.002
11.79,0.002,0.002,0.002
11.8,0.002,0.002,0.002
11.81,0.002,0.002,0.002
11.82,0.002,0.002,0.002
11.83,0.002,0.002,0.002
11.84,0.002,0.002,0.002
11.85,0.002,0.002,0.002
11.86,0.002,0.002,0.002
11.87,0.002,0.002,0.002
11.88,0.002,0.002,0.002
11.89,0.002,0.002,0.002
11.9,0.002,0.002,0.002
11.91,0.002,0.002,0.002
11.92,0.002,0.002,0.002
11.93,0.002,0.002,0.002
11.94,0.002,0.002,0.002
11.95,0.002,0.002,0.002
11.96,0.002,0.002,0.002
11.97,0.002,0.002,0.002
11.98,0.002,0.002,0.002
11.99,0.002,0.002,0.002
12,0.002,0.002,0.002
12.01,0.002,0.002,0.002
12.02,0.002,0.002,0.002
12.03,0.002,0.002,0.002
12.04,0.002,0.002,0.002
12.05,0.002,0.002,0.002
12.06,0.002,0.002,0.002
12.07,0.002,0.002,0.002
12.08,0.002,0.002,0.002
12.09,0.002,0.002,0.002
12.1,0.002,0.002,0.002
12.11,0.002,0.002,0.002
12.12,0.002,0.002,0.002
12.13,0.002,0.002,0.002
12.14,0.002,0.002,0.002
12.15,0.002,0.002,0.002
12.16,0.002,0.002,0.002
12.17,0.002,0.002,0.002
12.18,0.002,0.002,0.002
12.19,0.002,0.002,0.002
12.2,0.002,0.002,0.002
12.21,0.002,0.002,0.002
12.22,0.002,0.002,0.002
12.23,0.002,0.002,0.002
12.24,0.002,0.002,0.002
12.25,0.002,0.002,0.002
12.26,0.002,0.002,0.002
12.27,0.002,0.002,0.002
12.28,0.002,0.002,0.002
12.29,0.002,0.002,0.002
12.3,0.002,0.002,0.002
12.31,0.002,0.002,0.002
12.32,0.002,0.002,0.002
12.33,0.002,0.002,0.002
12.34,0.002,0.002,0.002
12.35,0.002,0.002,0.002
12.36,0.002,0.002,0.002
12.37,0.002,0.002,0.002
12.38,0.002,0.002,0.002
12.39,0.002,0.002,0.002
12.4,0.002,0.002,0.002
12.41,0.002,0.002,0.002
12.42,0.002,0.002,0.002
12.43,0.002,0.002,0.002
12.44,0.002,0.002,0.002
12.45,0.002,0.002,0.002
12.46,0.002,0.002,0.002
12.47,0.002,0.002,0.002
12.48,0.002,0.002,0.002
12.49,0.002,0.002,0.002
12.5,0.002,0.002,0.002
12.51,0.002,0.002,0.002
12.52,0.002,0.002,0.002
12.53,0.002,0.002,0.002
12.54,0.002,0.002,0.002
12.55,0.002,0.002,0.002
12.56,0.002,0.002,0.002
12.57,0.002,0.002,0.002
12.58,0.002,0.002,0.002
12.59,0.002,0.002,0.002
12.6,0.002,0.002,0.002
12.61,0.002,0.002,0.002
12.62,0.002,0.002,0.002
12.63,0.002,0.002,0.002
12.64,0.002,0.002,0.002
12.65,0.002,0.002,0.002
12.66,0.002,0.002,0.002
12.67,0.002,0.002,0.002
12.68,0.002,0.002,0.002
12.69,0.002,0.002,0.002
12.7,0.002,0.002,0.002
12.71,0.002,0.002,0.002
12.72,0.002,0.002,0.002
12.73,0.002,0.002,0.002
12.74,0.002,0.002,0.002
12.75,0.002,0.002,0.002
12.76,0.002,0.002,0.002
12.77,0.002,0.002,0.002
12.78,0.002,0.002,0.002
12.79,0.002,0.002,0.002
12.8,0.002,0.002,0.002
12.81,0.002,0.002,0.002
12.82,0.002,0.002,0.002
12.83,0.002,0.002,0.002
12.84,0.002,0.002,0.002
12.85,0.002,0.002,0.002
12.86,0.002,0.002,0.002
12.87,0.002,0.002,0.002
12.88,0.002,0.002,0.002
12.89,0.002,0.002,0.002
12.9,0.002,0.002,0.002
12.91,0.002,0.002,0.002
12.92,0.002,0.002,0.002
12.93,0.002,0.002,0.002
12.94,0.002,0.002,0.002
12.95,0.002,0.002,0.002
12.96,0.002,0.002,0.002
12.97,0.002,0.002,0.002
12.98,0.002,0.002,0.002
12.99,0.002,0.002,0.002
13,0.002,0.002,0.002
13.01,0.002,0.002,0.002
13.02,0.002,0.002,0.002
13.03,0.002,0.002,0.002
13.04,0.002,0.002,0.002
13.05,0.002,0.002,0.002
13.06,0.002,0.002,0.002
13.07,0.002,0.002,0.002
13.08,0.002,0.002,0.002
13.09,0.002,0.002,0.002
13.1,0.002,0.002,0.002
13.11,0.002,0.002,0.002
13.12,0.002,0.002,0.002
13.13,0.002,0.002,0.002
13.14,0.002,0.002,0.002
13.15,0.002,0.002,0.002
13.16,0.002,0.002,0.002
13.17,0.002,0.002,0.002
13.18,0.002,0.002,0.002
13.19,0.002,0.002,0.002
13.2,0.002,0.002,0.002
13.21,0.002,0.002,0.002
13.22,0.002,0.002,0.002
13.23,0.002,0.002,0.002
13.24,0.002,0.002,0.002
13.25,0.002,0.002,0.002
13.26,0.002,0.002,0.002
13.27,0.002,0.002,0.002
13.28,0.002,0.002,0.002
13.29,0.002,0.002,0.002
13.3,0.002,0.002,0.002
13.31,0.002,0.002,0.002
13.32,0.002,0.002,0.002
13.33,0.002,0.002,0.002
13.34,0.002,0.002,0.002
13.35,0.002,0.002,0.002
13.36,0.002,0.002,0.002
13.37,0.002,0.002,0.002
13.38,0.002,0.002,0.002
13.39,0.002,0.002,0.002
13.4,0.002,0.002,0.002
13.41,0.002,0.002,0.002
13.42,0.002,0.002,0.002
13.43,0.002,0.002,0.002
13.44,0.002,0.002,0.002
13.45,0.002,0.002,0.002
13.46,0.002,0.002,0.002
13.47,0.002,0.002,0.002
13.48,0.002,0.002,0.002
13.49,0.002,0.002,0.002
13.5,0.002,0.002,0.002
13.51,0.002,0.002,0.002
13.52,0.002,0.002,0.002
13.53,0.002,0.002,0.002
13.54,0.002,0.002,0.002
13.55,0.002,0.002,0.002
13.56,0.002,0.002,0.002
13.57,0.002,0.002,0.002
13.58,0.002,0.002,0.002
13.59,0.002,0.002,0.002
13.6,0.002,0.002,0.002
13.61,0.002,0.002,0.002
13.62,0.002,0.002,0.002
13.63,0.002,0.002,0.002
13.64,0.002,0.002,0.002
13.65,0.002,0.002,0.002
13.66,0.002,0.002,0.002
13.67,0.002,0.002,0.002
13.68,0.002,0.002,0.002
13.69,0.002,0.002,0.002
13.7,0.002,0.002,0.002
13.71,0.002,0.002,0.002
13.72,0.002,0.002,0.002
13.73,0.002,0.002,0.002
13.74,0.002,0.002,0.002
13.75,0.002,0.002,0.002
13.76,0.002,0.002,0.002
13.77,0.002,0.002,0.002
13.78,0.002,0.002,0.002
13.79,0.002,0.002,0.002
13.8,0.002,0.002,0.002
13.81,0.002,0.002,0.002
13.82,0.002,0.002,0.002
13.83,0.002,0.002,0.002
13.84,0.002,0.002,0.002
13.85,0.002,0.002,0.002
13.86,0.002,0.002,0.002
13.87,0.002,0.002,0.002
13.88,0.002,0.002,0.002
13.89,0.002,0.002,0.002
13.9,0.002,0.002,0.002
13.91,0.002,0.002,0.002
13.92,0.002,0.002,0.002
13.93,0.002,0.002,0.002
13.94,0.002,0.002,0.002
13.95,0.002,0.002,0.002
13.96,0.002,0.002,0.002
13.97,0.002,0.002,0.002
13.98,0.002,0.002,0.002
13.99,0.002,0.002,0.002
14,0.002,0.002,0.002
14.01,0.002,0.002,0.002
14.02,0.002,0.002,0.002
14.03,0.002,0.002,0.002
14.04,0.002,0.002,0.002
14.05,0.002,0.002,0.002
14.06,0.002,0.002,0.002
14.07,0.002,0.002,0.002
14.08,0.002,0.002,0.002
14.09,0.002,0.002,0.002
14.1,0.002,0.002,0.002
14.11,0.002,0.002,0.002
14.12,0.002,0.002,0.002
14.13,0.002,0.002,0.002
14.14,0.002,0.002,0.002
14.15,0.002,0.002,0.002
14.16,0.002,0.002,0.002
14.17,0.002,0.002,0.002
14.18,0.002,0.002,0.002
14.19,0.002,0.002,0.002
14.2,0.002,0.002,0.002
14.21,0.002,0.002,0.002
14.22,0.002,0.002,0.002
14.23,0.002,0.002,0.002
14.24,0.002,0.002,0.002
14.25,0.002,0.002,0.002
14.26,0.002,0.002,0.002
14.27,0.002,0.002,0.002
14.28,0.002,0.002,0.002
14.29,0.002,0.002,0.002
14.3,0.002,0.002,0.002
14.31,0.002,0.002,0.002
14.32,0.002,0.002,0.002
14.33,0.002,0.002,0.002
14.34,0.002,0.002,0.002
14.35,0.002,0.002,0.002
14.36,0.002,0.002,0.002
14.37,0.002,0.002,0.002
14.38,0.002,0.002,0.002
14.39,0.002,0.002,0.002
14.4,0.002,0.002,0.002
14.41,0.002,0.002,0.002
14.42,0.002,0.002,0.002
14.43,0.002,0.002,0.002
14.44,0.002,0.002,0.002
14.45,0.002,0.002,0.002
14.46,0.002,0.002,0.002
14.47,0.002,0.002,0.002
14.48,0.002,0.002,0.002
14.49,0.002,0.002,0.002
14.5,0.002,0.002,0.002
14.51,0.002,0.002,0.002
14.52,0.002,0.002,0.002
14.53,0.002,0.002,0.002
14.54,0.002,0.002,0.002
14.55,0.002,0.002,0.002
14.56,0.002,0.002,0.002
14.57,0.002,0.002,0.002
14.58,0.002,0.002,0.002
14.59,0.002,0.002,0.002
14.6,0.002,0.002,0.002
14.61,0.002,0.002,0.002
14.62,0.002,0.002,0.002
14.63,0.002,0.002,0.002
14.64,0.002,0.002,0.002
14.65,0.002,0.002,0.002
14.66,0.002,0.002,0.002
14.67,0.002,0.002,0.002
14.68,0.002,0.002,0.002
14.69,0.002,0.002,0.002
14.7,0.002,0.002,0.002
14.71,0.002,0.002,0.002
14.72,0.002,0.002,0.002
14.73,0.002,0.002,0.002
14.74,0.002,0.002,0.002
14.75,0.002,0.002,0.002
14.76,0.002,0.002,0.002
14.77,0.002,0.002,0.002
14.78,0.002,0.002,0.002
14.79,0.002,0.002,0.002
14.8,0.002,0.002,0.002
14.81,0.002,0.002,0.002
14.82,0.002,0.002,0.002
14.83,0.002,0.002,0.002
14.84,0.002,0.002,0.002
14.85,0.002,0.002,0.002
14.86,0.002,0.002,0.002
14.87,0.002,0.002,0.002
14.88,0.002,0.002,0.002
14.89,0.002,0.002,0.002
14.9,0.002,0.002,0.002
14.91,0.002,0.002,0.002
14.92,0.002,0.002,0.002
14.93,0.002,0.002,0.002
14.94,0.002,0.002,0.002
14.95,0.002,0.002,0.002
14.96,0.002,0.002,0.002
14.97,0.002,0.002,0.002
14.98,0.002,0.002,0.002
14.99,0.002,0.002,0.002
15,0.002,0.002,0.002
15.01,0.002,0.002,0.002
15.02,0.002,0.002,0.002
15.03,0.002,0.002,0.002
15.04,0.002,0.002,0.002
15.05,0.002,0.002,0.002
15.06,0.002,0.002,0.002
15.07,0.002,0.002,0.002
15.08,0.002,0.002,0.002
15.09,0.002,0.002,0.002
15.1,0.002,0.002,0.002
15.11,0.002,0.002,0.002
15.12,0.002,0.002,0.002
15.13,0.002,0.002,0.002
15.14,0.002,0.002,0.002
15.15,0.002,0.002,0.002
15.16,0.002,0.002,0.002
15.17,0.002,0.002,0.002
15.18,0.002,0.002,0.002
15.19,0.002,0.002,0.002
15.2,0.002,0.002,0.002
15.21,0.002,0.002,0.002
15.22,0.002,0.002,0.002
15.23,0.002,0.002,0.002
15.24,0.002,0.002,0.002
15.25,0.002,0.002,0.002
15.26,0.002,0.002,0.002
15.27,0.002,0.002,0.002
15.28,0.002,0.002,0.002
15.29,0.002,0.002,0.002
15.3,0.002,0.002,0.002
15.31,0.002,0.002,0.002
15.32,0.002,0.002,0.002
15.33,0.002,0.002,0.002
15.34,0.002,0.002,0.002
15.35,0.002,0.002,0.002
15.36,0.002,0.002,0.002
15.37,0.002,0.002,0.002
15.38,0.002,0.002,0.002
15.39,0.002,0.002,0.002
15.4,0.002,0.002,0.002
15.41,0.002,0.002,0.002
15.42,0.002,0.002,0.002
15.43,0.002,0.002,0.002
15.44,0.002,0.002,0.002
15.45,0.002,0.002,0.002
15.46,0.002,0.002,0.002
15.47,0.002,0.002,0.002
15.48,0.002,0.002,0.002
15.49,0.002,0.002,0.002
15.5,0.002,0.002,0.002
15.51,0.002,0.002,0.002
15.52,0.002,0.002,0.002
15.53,0.002,0.002,0.002
15.54,0.002,0.002,0.002
15.55,0.002,0.002,0.002
15.56,0.002,0.002,0.002
15.57,0.002,0.002,0.002
15.58,0.002,0.002,0.002
15.59,0.002,0.002,0.002
15.6,0.002,0.002,0.002
15.61,0.002,0.002,0.002
15.62,0.002,0.002,0.002
15.63,0.002,0.002,0.002
15.64,0.002,0.002,0.002
15.65,0.002,0.002,0.002
15.66,0.002,0.002,0.002
15.67,0.002,0.002,0.002
15.68,0.002,0.002,0.002
15.69,0.002,0.002,0.002
15.7,0.002,0.002,0.002
15.71,0.002,0.002,0.002
15.72,0.002,0.002,0.002
15.73,0.002,0.002,0.002
15.74,0.002,0.002,0.002
15.75,0.002,0.002,0.002
15.76,0.002,0.002,0.002
15.77,0.002,0.002,0.002
15.78,0.002,0.002,0.002
15.79,0.002,0.002,0.002
15.8,0.002,0.002,0.002
15.81,0.002,0.002,0.002
15.82,0.002,0.002,0.002
15.83,0.002,0.002,0.002
15.84,0.002,0.002,0.002
15.85,0.002,0.002,0.002
15.86,0.002,0.002,0.002
15.87,0.002,0.002,0.002
15.88,0.002,0.002,0.002
15.89,0.002,0.002,0.002
15.9,0.002,0.002,0.002
15.91,0.002,0.002,0.002
15.92,0.002,0.002,0.002
15.93,0.002,0.002,0.002
15.94,0.002,0.002,0.002
15.95,0.002,0.002,0.002
15.96,0.002,0.002,0.002
15.97,0.002,0.002,0.002
15.98,0.002,0.002,0.002
15.99,0.002,0.002,0.002
16,0.002,0.002,0.002
16.01,0.002,0.002,0.002
16.02,0.002,0.002,0.002
16.03,0.002,0.002,0.002
16.04,0.002,0.002,0.002
16.05,0.002,0.002,0.002
16.06,0.002,0.002,0.002
16.07,0.002,0.002,0.002
16.08,0.002,0.002,0.002
16.09,0.002,0.002,0.002
16.1,0.002,0.002,0.002
16.11,0.002,0.002,0.002
16.12,0.002,0.002,0.002
16.13,0.002,0.002,0.002
16.14,0.002,0.002,0.002
16.15,0.002,0.002,0.002
16.16,0.002,0.002,0.002
16.17,0.002,0.002,0.002
16.18,0.002,0.002,0.002
16.19,0.002,0.002,0.002
16.2,0.002,0.002,0.002
16.21,0.002,0.002,0.002
16.22,0.002,0.002,0.002
16.23,0.002,0.002,0.002
16.24,0.002,0.002,0.002
16.25,0.002,0.002,0.002
16.26,0.002,0.002,0.002
16.27,0.002,0.002,0.002
16.28,0.002,0.002,0.002
16.29,0.002,0.002,0.002
16.3,0.002,0.002,0.002
16.31,0.002,0.002,0.002
16.32,0.002,0.002,0.002
16.33,0.002,0.002,0.002
16.34,0.002,0.002,0.002
16.35,0.002,0.002,0.002
16.36,0.002,0.002,0.002
16.37,0.002,0.002,0.002
16.38,0.002,0.002,0.002
16.39,0.002,0.002,0.002
16.4,0.002,0.002,0.002
16.41,0.002,0.002,0.002
16.42,0.002,0.002,0.002
16.43,0.002,0.002,0.002
16.44,0.002,0.002,0.002
16.45,0.002,0.002,0.002
16.46,0.002,0.002,0.002
16.47,0.002,0.002,0.002
16.48,0.002,0.002,0.002
16.49,0.002,0.002,0.002
16.5,0.002,0.002,0.002
16.51,0.002,0.002,0.002
16.52,0.002,0.002,0.002
16.53,0.002,0.002,0.002
16.54,0.002,0.002,0.002
16.55,0.002,0.002,0.002
16.56,0.002,0.002,0.002
16.57,0.002,0.002,0.002
16.58,0.002,0.002,0.002
16.59,0.002,0.002,0.002
16.6,0.002,0.002,0.002
16.61,0.002,0.002,0.002
16.62,0.002,0.002,0.002
16.63,0.002,0.002,0.002
16.64,0.002,0.002,0.002
16.65,0.002,0.002,0.002
16.66,0.002,0.002,0.002
16.67,0.002,0.002,0.002
16.68,0.002,0.002,0.002
16.69,0.002,0.002,0.002
16.7,0.002,0.002,0.002
16.71,0.002,0.002,0.002
16.72,0.002,0.002,0.002
16.73,0.002,0.002,0.002
16.74,0.002,0.002,0.002
16.75,0.002,0.002,0.002
16.76,0.002,0.002,0.002
16.77,0.002,0.002,0.002
16.78,0.002,0.002,0.002
16.79,0.002,0.002,0.002
16.8,0.002,0.002,0.002
16.81,0.002,0.002,0.002
16.82,0.002,0.002,0.002
16.83,0.002,0.002,0.002
16.84,0.002,0.002,0.002
16.85,0.002,0.002,0.002
16.86,0.002,0.002,0.002
16.87,0.002,0.002,0.002
16.88,0.002,0.002,0.002
16.89,0.002,0.002,0.002
16.9,0.002,0.002,0.002
16.91,0.002,0.002,0.002
16.92,0.002,0.002,0.002
16.93,0.002,0.002,0.002
16.94,0.002,0.002,0.002
16.95,0.002,0.002,0.002
16.96,0.002,0.002,0.002
16.97,0.002,0.002,0.002
16.98,0.002,0.002,0.002
16.99,0.002,0.002,0.002
17,0.002,0.002,0.002
17.01,0.002,0.002,0.002
17.02,0.002,0.002,0.002
17.03,0.002,0.002,0.002
17.04,0.002,0.002,0.002
17.05,0.002,0.002,0.002
17.06,0.002,0.002,0.002
17.07,0.002,0.002,0.002
17.08,0.002,0.002,0.002
17.09,0.002,0.002,0.002
17.1,0.002,0.002,0.002
17.11,0.002,0.002,0.002
17.12,0.002,0.002,0.002
17.13,0.002,0.002,0.002
17.14,0.002,0.002,0.002
17.15,0.002,0.002,0.002
17.16,0.002,0.002,0.002
17.17,0.002,0.002,0.002
17.18,0.002,0.002,0.002
17.19,0.002,0.002,0.002
17.2,0.002,0.002,0.002
17.21,0.002,0.002,0.002
17.22,0.002,0.002,0.002
17.23,0.002,0.002,0.002
17.24,0.002,0.002,0.002
17.25,0.002,0.002,0.002
17.26,0.002,0.002,0.002
17.27,0.002,0.002,0.002
17.28,0.002,0.002,0.002
17.29,0.002,0.002,0.002
17.3,0.002,0.002,0.002
17.31,0.002,0.002,0.002
17.32,0.002,0.002,0.002
17.33,0.002,0.002,0.002
17.34,0.002,0.002,0.002
17.35,0.002,0.002,0.002
17.36,0.002,0.002,0.002
17.37,0.002,0.002,0.002
17.38,0.002,0.002,0.002
17.39,0.002,0.002,0.002
17.4,0.002,0.002,0.002
17.41,0.002,0.002,0.002
17.42,0.002,0.002,0.002
17.43,0.002,0.002,0.002
17.44,0.002,0.002,0.002
17.45,0.002,0.002,0.002
17.46,0.002,0.002,0.002
17.47,0.002,0.002,0.002
17.48,0.002,0.002,0.002
17.49,0.002,0.002,0.002
17.5,0.002,0.002,0.002
17.51,0.002,0.002,0.002
17.52,0.002,0.002,0.002
17.53,0.002,0.002,0.002
17.54,0.002,0.002,0.002
17.55,0.002,0.002,0.002
17.56,0.002,0.002,0.002
17.57,0.002,0.002,0.002
17.58,0.002,0.002,0.002
17.59,0.002,0.002,0.002
17.6,0.002,0.002,0.002
17.61,0.002,0.002,0.002
17.62,0.002,0.002,0.002
17.63,0.002,0.002,0.002
17.64,0.002,0.002,0.002
17.65,0.002,0.002,0.002
17.66,0.002,0.002,0.002
17.67,0.002,0.002,0.002
17.68,0.002,0.002,0.002
17.69,0.002,0.002,0.002
17.7,0.002,0.002,0.002
17.71,0.002,0.002,0.002
17.72,0.002,0.002,0.002
17.73,0.002,0.002,0.002
17.74,0.002,0.002,0.002
17.75,0.002,0.002,0.002
17.76,0.002,0.002,0.002
17.77,0.002,0.002,0.002
17.78,0.002,0.002,0.002
17.79,0.002,0.002,0.002
17.8,0.002,0.002,0.002
17.81,0.002,0.002,0.002
17.82,0.002,0.002,0.002
17.83,0.002,0.002,0.002
17.84,0.002,0.002,0.002
17.85,0.002,0.002,0.002
17.86,0.002,0.002,0.002
17.87,0.002,0.002,0.002
17.88,0.002,0.002,0.002
17.89,0.002,0.002,0.002
17.9,0.002,0.002,0.002
17.91,0.002,0.002,0.002
17.92,0.002,0.002,0.002
17.93,0.002,0.002,0.002
17.94,0.002,0.002,0.002
17.95,0.002,0.002,0.002
17.96,0.002,0.002,0.002
17.97,0.002,0.002,0.002
17.98,0.002,0.002,0.002
17.99,0.002,0.002,0.002
18,0.002,0.002,0.002
18.01,0.002,0.002,0.002
18.02,0.002,0.002,0.002
18.03,0.002,0.002,0.002
18.04,0.002,0.002,0.002
18.05,0.002,0.002,0.002
18.06,0.002,0.002,0.002
18.07,0.002,0.002,0.002
18.08,0.002,0.002,0.002
18.09,0.002,0.002,0.002
18.1,0.002,0.002,0.002
18.11,0.002,0.002,0.002
18.12,0.002,0.002,0.002
18.13,0.002,0.002,0.002
18.14,0.002,0.002,0.002
18.15,0.002,0.002,0.002
18.16,0.002,0.002,0.002
18.17,0.002,0.002,0.002
18.18,0.002,0.002,0.002
18.19,0.002,0.002,0.002
18.2,0.002,0.002,0.002
18.21,0.002,0.002,0.002
18.22,0.002,0.002,0.002
18.23,0.002,0.002,0.002
18.24,0.002,0.002,0.002
18.25,0.002,0.002,0.002
18.26,0.002,0.002,0.002
18.27,0.002,0.002,0.002
18.28,0.002,0.002,0.002
18.29,0.002,0.002,0.002
18.3,0.002,0.002,0.002
18.31,0.002,0.002,0.002
18.32,0.002,0.002,0.002
18.33,0.002,0.002,0.002
18.34,0.002,0.002,0.002
18.35,0.002,0.002,0.002
18.36,0.002,0.002,0.002
18.37,0.002,0.002,0.002
18.38,0.002,0.002,0.002
18.39,0.002,0.002,0.002
18.4,0.002,0.002,0.002
18.41,0.002,0.002,0.002
18.42,0.002,0.002,0.002
18.43,0.002,0.002,0.002
18.44,0.002,0.002,0.002
18.45,0.002,0.002,0.002
18.46,0.002,0.002,0.002
18.47,0.002,0.002,0.002
18.48,0.002,0.002,0.002
18.49,0.002,0.002,0.002
18.5,0.002,0.002,0.002
18.51,0.002,0.002,0.002
18.52,0.002,0.002,0.002
18.53,0.002,0.002,0.002
18.54,0.002,0.002,0.002
18.55,0.002,0.002,0.002
18.56,0.002,0.002,0.002
18.57,0.002,0.002,0.002
18.58,0.002,0.002,0.002
18.59,0.002,0.002,0.002
18.6,0.002,0.002,0.002
18.61,0.002,0.002,0.002
18.62,0.002,0.002,0.002
18.63,0.002,0.002,0.002
18.64,0.002,0.002,0.002
18.65,0.002,0.002,0.002
18.66,0.002,0.002,0.002
18.67,0.002,0.002,0.002
18.68,0.002,0.002,0.002
18.69,0.002,0.002,0.002
18.7,0.002,0.002,0.002
18.71,0.002,0.002,0.002
18.72,0.002,0.002,0.002
18.73,0.002,0.002,0.002
18.74,0.002,0.002,0.002
18.75,0.002,0.002,0.002
18.76,0.002,0.002,0.002
18.77,0.002,0.002,0.002
18.78,0.002,0.002,0.002
18.79,0.002,0.002,0.002
18.8,0.002,0.002,0.002
18.81,0.002,0.002,0.002
18.82,0.002,0.002,0.002
18.83,0.002,0.002,0.002
18.84,0.002,0.002,0.002
18.85,0.002,0.002,0.002
18.86,0.002,0.002,0.002
18.87,0.002,0.002,0.002
18.88,0.002,0.002,0.002
18.89,0.002,0.002,0.002
18.9,0.002,0.002,0.002
18.91,0.002,0.002,0.002
18.92,0.002,0.002,0.002
18.93,0.002,0.002,0.002
18.94,0.002,0.002,0.002
18.95,0.002,0.002,0.002
18.96,0.002,0.002,0.002
18.97,0.002,0.002,0.002
18.98,0.002,0.002,0.002
18.99,0.002,0.002,0.002
19,0.002,0.002,0.002
19.01,0.002,0.002,0.002
19.02,0.002,0.002,0.002
19.03,0.002,0.002,0.002
19.04,0.002,0.002,0.002
19.05,0.002,0.002,0.002
19.06,0.002,0.002,0.002
19.07,0.002,0.002,0.002
19.08,0.002,0.002,0.002
19.09,0.002,0.002,0.002
19.1,0.002,0.002,0.002
19.11,0.002,0.002,0.002
19.12,0.002,0.002,0.002
19.13,0.002,0.002,0.002
19.14,0.002,0.002,0.002
19.15,0.002,0.002,0.002
19.16,0.002,0.002,0.002
19.17,0.002,0.002,0.002
19.18,0.002,0.002,0.002
19.19,0.002,0.002,0.002
19.2,0.002,0.002,0.002
19.21,0.002,0.002,0.002
19.22,0.002,0.002,0.002
19.23,0.002,0.002,0.002
19.24,0.002,0.002,0.002
19.25,0.002,0.002,0.002
19.26,0.002,0.002,0.002
19.27,0.002,0.002,0.002
19.28,0.002,0.002,0.002
19.29,0.002,0.002,0.002
19.3,0.002,0.002,0.002
19.31,0.002,0.002,0.002
19.32,0.002,0.002,0.002
19.33,0.002,0.002,0.002
19.34,0.002,0.002,0.002
19.35,0.002,0.002,0.002
19.36,0.002,0.002,0.002
19.37,0.002,0.002,0.002
19.38,0.002,0.002,0.002
19.39,0.002,0.002,0.002
19.4,0.002,0.002,0.002
19.41,0.002,0.002,0.002
19.42,0.002,0.002,0.002
19.43,0.002,0.002,0.002
19.44,0.002,0.002,0.002
19.45,0.002,0.002,0.002
19.46,0.002,0.002,0.002
19.47,0.002,0.002,0.002
19.48,0.002,0.002,0.002
19.49,0.002,0.002,0.002
19.5,0.002,0.002,0.002
19.51,0.002,0.002,0.002
19.52,0.002,0.002,0.002
19.53,0.002,0.002,0.002
19.54,0.002,0.002,0.002
19.55,0.002,0.002,0.002
19.56,0.002,0.002,0.002
19.57,0.002,0.002,0.002
19.58,0.002,0.002,0.002
19.59,0.002,0.002,0.002
19.6,0.002,0.002,0.002
19.61,0.002,0.002,0.002
19.62,0.002,0.002,0.002
19.63,0.002,0.002,0.002
19.64,0.002,0.002,0.002
19.65,0.002,0.002,0.002
19.66,0.002,0.002,0.002
19.67,0.002,0.002,0.002
19.68,0.002,0.002,0.002
19.69,0.002,0.002,0.002
19.7,0.002,0.002,0.002
19.71,0.002,0.002,0.002
19.72,0.002,0.002,0.002
19.73,0.002,0.002,0.002
19.74,0.002,0.002,0.002
19.75,0.002,0.002,0.002
19.76,0.002,0.002,0.002
19.77,0.002,0.002,0.002
19.78,0.002,0.002,0.002
19.79,0.002,0.002,0.002
19.8,0.002,0.002,0.002
19.81,0.002,0.002,0.002
19.82,0.002,0.002,0.002
19.83,0.002,0.002,0.002
19.84,0.002,0.002,0.002
19.85,0.002,0.002,0.002
19.86,0.002,0.002,0.002
19.87,0.002,0.002,0.002
19.88,0.002,0.002,0.002
19.89,0.002,0.002,0.002
19.9,0.002,0.002,0.002
19.91,0.002,0.002,0.002
19.92,0.002,0.002,0.002
19.93,0.002,0.002,0.002
19.94,0.002,0.002,0.002
19.95,0.002,0.002,0.002
19.96,0.002,0.002,0.002
19.97,0.002,0.002,0.002
19.98,0.002,0.002,0.002
19.99,0.002,0.002,0.002
20,0.002,0.002,0.002
